E	Agenda: the drawn status bar is on the view (w10m_status_bar)	yes	yes
E	Agenda: the drawn nav bar is on the view (w10m_nav_bar)	yes	yes
W	Agenda: the status bar's height is BarMetrics.STATUS_EPX (28)	28	28.00	0.34
W	Agenda: the nav bar's height is BarMetrics.NAV_EPX (48)	48	48.00	0.34
W	Agenda: the nav bar ends at the screen's bottom edge	780.00	780.00	0.34
W	Agenda: the status bar is drawn black down to its bottom edge (px column 6)	28.00	28.00	0.34
W	Agenda: the nav bar is drawn black from its top edge (px column 6)	732.00	732.00	0.34
E	K1.1 ≡ is three bars	3	3
W	K1.1 ≡ bar 1 is 1 epx thick	1	1.00	0.34
W	K1.1 ≡ bar 2 is 1 epx thick	1	1.00	0.34
W	K1.1 ≡ bar 3 is 1 epx thick	1	1.00	0.34
W	K1.1 ≡ bars 1–2 at a 5-epx pitch	5	5.00	0.5
W	K1.1 ≡ bars 2–3 at a 5-epx pitch	5	5.00	0.5
W	K1.1 ≡ starts at x 16	16	16.00	1
W	K1.1 ≡ ends at x 36	36	36.00	1
E	K1.1 the month and year in caps ("OCTOBER 2026")	OCTOBER 2026	OCTOBER 2026
E	K1.1 … a month name and a year	yes	yes
W	K1.1 … at x 51.0 (the ink's left edge)	51.0	51.67	1
W	K1.1 … its cap top 15.5 epx below the status bar	15.5	15.33	1
W	K1.1 … cap 11.0	11.0	11.67	1
E	K1.1 … semibold (its stems at least 0.16 of the cap height; a regular line reads 0.09–0.15 here)	yes	yes
R	K1.1 the title's stroke / cap ratio	0.200
W	K1.2 the header band starts at the status bar's bottom	28.00	28.00	0.34
W	K1.2 the band is 40 epx tall	40	40.00	1
E	K1.1 the chevron after the title is ⌄	down	down
C	K1.3 the page is (26,26,26)	26 26 26	26 26 26	2
C	K1.3 the status bar is black	0 0 0	0 0 0	2
C	K1.3 the nav bar is black	0 0 0	0 0 0	2
E	K2.1 seven day names over the strip	7	7
W	K2.1 the week strip on W/7: column 1 (Sun), its drawn centre 25.0	25.0	24.50	1
W	K2.1 the week strip on W/7: column 2 (Mon), its drawn centre 76.6	76.6	76.33	1
W	K2.1 the week strip on W/7: column 3 (Tue), its drawn centre 127.5	127.5	127.00	1
W	K2.1 the week strip on W/7: column 4 (Wed), its drawn centre 178.4	178.4	177.83	1
W	K2.1 the week strip on W/7: column 5 (Thu), its drawn centre 229.0	229.0	228.83	1
W	K2.1 the week strip on W/7: column 6 (Fri), its drawn centre 280.4	280.4	280.33	1
W	K2.1 the week strip on W/7: column 7 (Sat), its drawn centre 331.3	331.3	331.17	1
C	K2.2 day names are (151,151,151)	151 151 151	151 151 151	4
E	K2.4 the 15063 form: two week rows of seven days	2 14	2 14
W	K2.5 the selected day's accent square is 32 epx wide	32	32.00	2
W	K2.5 … and 32 epx tall	32	32.00	2
R	K2.5 the accent on this screen (the selected square's fill)	0 120 215
R	K2.4 a first-row date's colour and a second-row date's	255 255 255 / 141 141 141
E	K2.4 the second week row is dimmed (its dates at least 60 levels darker than the first row's)	yes	yes
W	K1.5 the app bar's top edge is 1 epx of (80,80,80) ± 4	1	1.00	0.34
W	K1.5 the app bar is 47 epx (its top edge to the nav bar's top)	47	47.00	1
C	K1.5 its fill is (33,33,33)	33 33 33	33 33 33	4
W	K1.6 Today: its glyph's centre 217.9 epx from the right edge (the 68-epx CommandBar, 15063 form)	217.9	218.00	1
W	K1.6 New: its glyph's centre 150.2 epx from the right edge (the 68-epx CommandBar, 15063 form)	150.2	149.83	1
W	K1.6 View: its glyph's centre 82.6 epx from the right edge (the 68-epx CommandBar, 15063 form)	82.6	82.00	1
W	K1.6 …: its glyph's centre 24.5 epx from the right edge (the 68-epx CommandBar, 15063 form)	24.5	24.00	1
W	K3.3 today's heading ("Friday 2") at x 24 (its text box's left edge; R11's sample is a Wednesday)	24	24.00	1
R	K3.3 … its ink's left edge (epx; another leading glyph than R11's "W")	26.00
C	K3.3 today's heading is in the accent (the selected square's colour on this screen)	0 120 215	0 120 215	4
E	K3.4 an empty day reads "No events today"	No events today	No events today
C	K3.4 … in grey (151,151,151)	151 151 151	151 151 151	4
W	K3.4 … at x 24 (the ink's left edge)	24	24.00	1
