P1-dropdown-to-the-busy-month	15	4	4	2	16ms	48ms	65ms
P2-agenda-busy-month-first-day	3	3	3	1	32ms	32ms	32ms
P3-dropdown-to-the-200-event-day	15	4	3	0	16ms	48ms	250ms
P4-week-busiest	18	5	2	1	16ms	32ms	65ms
P5-swipe-01	31	4	2	2	16ms	32ms	38ms
P5-swipe-02	32	3	1	2	16ms	20ms	32ms
P5-swipe-03	32	5	3	2	19ms	27ms	32ms
P5-swipe-04	33	4	2	3	18ms	20ms	32ms
P5-swipe-05	32	4	2	3	18ms	19ms	32ms
P5-swipe-06	33	3	1	2	16ms	19ms	32ms
P5-swipe-07	32	4	2	3	18ms	19ms	32ms
P5-swipe-08	33	4	2	3	18ms	19ms	32ms
P5-swipe-09	32	4	2	3	18ms	19ms	32ms
P5-swipe-10	32	4	2	3	18ms	19ms	32ms
P5-swipe-11	33	4	2	2	16ms	20ms	32ms
P5-swipe-12	32	4	2	3	18ms	19ms	32ms
