P1-dropdown-to-the-busy-month	15	4	4	2	16ms	48ms	65ms	66.7	input 0.0 + animation 7.8 + traversal 0.0 + draw 46.7 (UI thread) | sync 0.0 + issue 0.7 + swap 11.4 (render thread); frame 1 of 15
P2-agenda-busy-month-first-day	3	3	2	2	48ms	48ms	48ms	50.1	input 0.0 + animation 22.3 + traversal 0.1 + draw 11.4 (UI thread) | sync 0.1 + issue 1.8 + swap 14.2 (render thread); frame 1 of 3
P3-dropdown-to-the-200-event-day	16	5	4	2	16ms	48ms	48ms	50.1	input 0.0 + animation 21.2 + traversal 0.0 + draw 11.7 (UI thread) | sync 0.1 + issue 1.4 + swap 15.5 (render thread); frame 14 of 16
P4-week-busiest	19	5	2	3	16ms	42ms	48ms	50.1	input 0.0 + animation 19.9 + traversal 0.0 + draw 12.9 (UI thread) | sync 0.0 + issue 1.4 + swap 15.6 (render thread); frame 19 of 19
P5-swipe-01	32	4	2	2	18ms	32ms	48ms	49.7	input 1.1 + animation 8.9 + traversal 0.0 + draw 31.2 (UI thread) | sync 0.1 + issue 1.3 + swap 6.9 (render thread); frame 1 of 32
P5-swipe-02	32	3	1	2	16ms	19ms	32ms	33.4	input 0.5 + animation 1.4 + traversal 0.0 + draw 0.2 (UI thread) | sync 0.0 + issue 0.3 + swap 30.9 (render thread); frame 15 of 32
P5-swipe-03	31	5	4	2	16ms	32ms	32ms	33.4	input 0.0 + animation 10.9 + traversal 0.0 + draw 13.9 (UI thread) | sync 0.0 + issue 1.5 + swap 6.8 (render thread); frame 30 of 31
P5-swipe-04	31	4	3	3	16ms	16ms	32ms	33.4	input 0.0 + animation 10.6 + traversal 0.0 + draw 9.5 (UI thread) | sync 0.0 + issue 0.4 + swap 12.8 (render thread); frame 31 of 31
P5-swipe-05	31	4	3	2	16ms	16ms	32ms	33.4	input 0.0 + animation 11.6 + traversal 0.0 + draw 10.9 (UI thread) | sync 0.0 + issue 0.3 + swap 10.5 (render thread); frame 31 of 31
P5-swipe-06	32	3	1	2	16ms	19ms	32ms	33.4	input 0.4 + animation 1.0 + traversal 0.0 + draw 0.2 (UI thread) | sync 0.0 + issue 0.3 + swap 31.4 (render thread); frame 15 of 32
P5-swipe-07	32	4	2	2	18ms	20ms	32ms	33.4	input 0.0 + animation 9.0 + traversal 0.0 + draw 12.9 (UI thread) | sync 0.0 + issue 1.1 + swap 10.3 (render thread); frame 31 of 32
P5-swipe-08	32	4	2	2	18ms	19ms	32ms	33.4	input 0.0 + animation 10.7 + traversal 0.0 + draw 10.0 (UI thread) | sync 0.0 + issue 0.3 + swap 12.1 (render thread); frame 32 of 32
P5-swipe-09	32	4	2	2	18ms	21ms	32ms	33.4	input 0.0 + animation 11.0 + traversal 0.0 + draw 9.9 (UI thread) | sync 0.0 + issue 0.4 + swap 11.9 (render thread); frame 32 of 32
P5-swipe-10	32	4	2	3	18ms	20ms	32ms	33.4	input 0.0 + animation 8.7 + traversal 0.0 + draw 8.6 (UI thread) | sync 0.0 + issue 0.3 + swap 15.6 (render thread); frame 32 of 32
P5-swipe-11	33	4	2	3	18ms	19ms	32ms	33.4	input 0.5 + animation 0.9 + traversal 0.0 + draw 0.1 (UI thread) | sync 0.0 + issue 0.3 + swap 31.4 (render thread); frame 16 of 33
P5-swipe-12	32	4	2	3	18ms	19ms	32ms	33.4	input 0.0 + animation 8.5 + traversal 0.0 + draw 8.3 (UI thread) | sync 0.0 + issue 0.4 + swap 16.1 (render thread); frame 32 of 32
