2026-10-01	311	E5 all day
2026-10-01	312	E5 three days
2026-10-01	313	E5 weekly
2026-10-01	314	E5 app weekly
2026-10-02	312	E5 three days
2026-10-03	312	E5 three days
2026-10-08	313	E5 weekly
2026-10-08	314	E5 app weekly
2026-10-15	314	E5 app weekly
2026-10-15	315	E5 weeklyX
2026-10-22	313	E5 weekly
2026-10-22	314	
2026-10-22	314	E5 app weekly
2026-10-29	313	
2026-10-29	313	E5 weekly
2026-10-29	314	E5 app weekly
2026-11-05	313	E5 weekly
2026-11-05	314	E5 app weekly
2026-11-12	313	E5 weekly
2026-11-12	314	E5 app weekly
2026-11-19	313	E5 weekly
2026-11-19	314	E5 app weekly
2026-11-26	313	E5 weekly
2026-11-26	314	E5 app weekly
2026-12-03	313	E5 weekly
2026-12-03	314	E5 app weekly
2026-12-10	314	E5 app weekly
2026-12-17	314	E5 app weekly
2026-12-24	314	
2026-12-24	314	E5 app weekly
2026-12-31	314	E5 app weekly
2027-01-07	314	
