2026-10-02	20908	E5 all day
2026-10-02	20909	E5 three days
2026-10-02	20910	E5 weekly
2026-10-03	20909	E5 three days
2026-10-04	20909	E5 three days
2026-10-09	20910	E5 weekly
2026-10-16	20910	E5 weekly
2026-10-23	20910	E5 weekly
2026-10-30	20910	E5 weekly
2026-11-06	20910	E5 weekly
2026-11-13	20910	E5 weekly
2026-11-20	20910	E5 weekly
2026-11-27	20910	E5 weekly
2026-12-04	20910	E5 weekly
2026-12-04	20911	E5 week 9
2027-01-29	20912	E5 week 17
2027-05-21	20913	E5 week 33
2027-07-09	20914	E5 week 40
