E	K6.4 the ≡ pane is open (cal_pane)	yes	yes
W	K6.4 the pane's rows at a 48.1-epx pitch (cal_account:Tessera → cal_calendar_row:1)	48.1	48.00	1
W	K6.4 the pane's rows at a 48.1-epx pitch (cal_calendar_row:1 → cal_account:qa.personal@example.com)	48.1	48.00	1
W	K6.4 the pane's rows at a 48.1-epx pitch (cal_account:qa.personal@example.com → cal_calendar_row:2)	48.1	48.00	1
W	K6.4 the pane's rows at a 48.1-epx pitch (cal_calendar_row:2 → cal_account:qa.work@example.com)	48.1	48.00	1
W	K6.4 the pane's rows at a 48.1-epx pitch (cal_account:qa.work@example.com → cal_calendar_row:3)	48.1	48.00	1
C	U10 the pane's chrome is #1F1F1F	31 31 31	31 31 31	2
W	K6.4 the account header Tessera starts at x 14 (its chevron's ink)	14	14.00	1
R	K6.4 … its chevron's glyph box and its name's ink start at (epx)	11.67 / 34.33
W	K6.4 the calendar name "Tessera" at x 62 (the ink's left edge)	62	61.00	1
E	K6.4 the row is ticked	true	true
E	K6.4 a checked box is filled with the calendar's colour (a box of it left of the name)	yes	yes
R	K6.4 the checkbox's filled box (epx: left top right bottom)	22.00 130.00 42.33 150.33
W	K6.4 the account header qa.personal@example.com starts at x 14 (its chevron's ink)	14	14.00	1
R	K6.4 … its chevron's glyph box and its name's ink start at (epx)	11.67 / 34.67
W	K6.4 the calendar name "MoNa Events" at x 62 (the ink's left edge)	62	62.00	1
W	K6.4 the account header qa.work@example.com starts at x 14 (its chevron's ink)	14	14.00	1
R	K6.4 … its chevron's glyph box and its name's ink start at (epx)	11.67 / 34.67
W	K6.4 the calendar name "mark guim" at x 62 (the ink's left edge)	62	62.00	1
