E	Day: the drawn status bar is on the view (w10m_status_bar)	yes	yes
E	Day: the drawn nav bar is on the view (w10m_nav_bar)	yes	yes
W	Day: the status bar's height is BarMetrics.STATUS_EPX (28)	28	28.00	0.34
W	Day: the nav bar's height is BarMetrics.NAV_EPX (48)	48	48.00	0.34
W	Day: the nav bar ends at the screen's bottom edge	780.00	780.00	0.34
W	Day: the status bar is drawn black down to its bottom edge (px column 6)	28.00	28.00	0.34
W	Day: the nav bar is drawn black from its top edge (px column 6)	732.00	732.00	0.34
E	U1 the Day view's header is the week-cell label ("24 SAT")	yes	yes
E	U1 the all-day band is there (cal_allday:2026-10-24)	yes	yes
E	U1 the hour grid is there (cal_day_grid)	yes	yes
E	U1 the grid draws hour rules	yes	yes
W	U1 hour rows at 48 epx (the rules' pitch)	48	48.00	1
