E	the editor: the drawn status bar is on the view (w10m_status_bar)	yes	yes
E	the editor: the drawn nav bar is on the view (w10m_nav_bar)	yes	yes
W	the editor: the status bar's height is BarMetrics.STATUS_EPX (28)	28	28.00	0.34
W	the editor: the nav bar's height is BarMetrics.NAV_EPX (48)	48	48.00	0.34
W	the editor: the nav bar ends at the screen's bottom edge	780.00	780.00	0.34
W	the editor: the status bar is drawn black down to its bottom edge (px column 6)	28.00	28.00	0.34
W	the editor: the nav bar is drawn black from its top edge (px column 6)	732.00	732.00	0.34
E	U3 the editor is open (cal_editor)	yes	yes
W	U3 the title field's drawn box is 32 epx tall (its (133,133,133) border, edge to edge)	32	32.00	1
W	U3 … with a 2-epx border (its top edge's thickness)	2	2.00	0.34
C	U3 … of (133,133,133)	133 133 133	133 133 133	4
R	U3 the title field: its drawn box (epx l t r b) against its dump node's height	20.00 110.67 340.00 142.67 / 48.00
W	U3 the location field's drawn box is 32 epx tall (its (133,133,133) border, edge to edge)	32	32.00	1
W	U3 … with a 2-epx border (its top edge's thickness)	2	2.00	0.34
C	U3 … of (133,133,133)	133 133 133	133 133 133	4
W	U3 the start_date field's drawn box is 32 epx tall (its (133,133,133) border, edge to edge)	32	32.00	1
W	U3 … with a 2-epx border (its top edge's thickness)	2	2.00	0.34
C	U3 … of (133,133,133)	133 133 133	133 133 133	4
R	U3 the start_date field: its drawn box (epx l t r b) against its dump node's height	12.00 321.00 201.00 353.00 / 32.00
W	U3 the start_time field's drawn box is 32 epx tall (its (133,133,133) border, edge to edge)	32	32.00	1
W	U3 … with a 2-epx border (its top edge's thickness)	2	2.00	0.34
C	U3 … of (133,133,133)	133 133 133	133 133 133	4
W	U3 the end_date field's drawn box is 32 epx tall (its (133,133,133) border, edge to edge)	32	32.00	1
W	U3 … with a 2-epx border (its top edge's thickness)	2	2.00	0.34
C	U3 … of (133,133,133)	133 133 133	133 133 133	4
W	U3 the end_time field's drawn box is 32 epx tall (its (133,133,133) border, edge to edge)	32	32.00	1
W	U3 … with a 2-epx border (its top edge's thickness)	2	2.00	0.34
C	U3 … of (133,133,133)	133 133 133	133 133 133	4
W	U3 the repeat field's drawn box is 32 epx tall (its (133,133,133) border, edge to edge)	32	32.00	1
W	U3 … with a 2-epx border (its top edge's thickness)	2	2.00	0.34
C	U3 … of (133,133,133)	133 133 133	133 133 133	4
W	U3 the reminder field's drawn box is 32 epx tall (its (133,133,133) border, edge to edge)	32	32.00	1
W	U3 … with a 2-epx border (its top edge's thickness)	2	2.00	0.34
C	U3 … of (133,133,133)	133 133 133	133 133 133	4
W	U3 the calendar field's drawn box is 32 epx tall (its (133,133,133) border, edge to edge)	32	32.00	1
W	U3 … with a 2-epx border (its top edge's thickness)	2	2.00	0.34
C	U3 … of (133,133,133)	133 133 133	133 133 133	4
