id	mode	setup	keys	expected	tess_utterance	tess_reply	source
# Generated by docs/plan/qa/phase-15/scripts/gen_calc_cases.py -- do not edit by hand; re-run the script.
# Oracle: microsoft/calculator @ 4fd3fc53bade573ea2ac1e1ebad9bf603713f85e (MIT); rules ported on the host, never the app's engine.
# Source paths below are relative to that repo unless they start with docs/. Driver notes and the
# omitted cases are in the generator's header comment. setup: split on r"\s+(?=(?:angle|radix|word|category|from|to|op)=)".
# ---- standard ----
# E11: `2 + 3 × 4 =` -> 20 in Standard (immediate execution)
standard-001	standard		2 add 3 multiply 4 equals	20			src/CalcManager/CalculatorManager.cpp:164; src/CalcManager/CEngine/scicomm.cpp:274-345 (Standard executes each operator immediately)
# immediate: the display after the second operator already holds 2 + 3
standard-002	standard		2 add 3 multiply	5			src/CalcManager/CalculatorManager.cpp:164; src/CalcManager/CEngine/scicomm.cpp:274-345 (Standard executes each operator immediately)
# immediate: 10 - 4 / 2 = is (10-4)/2
standard-003	standard		1 0 subtract 4 divide 2 equals	3			src/CalcManager/CalculatorManager.cpp:164; src/CalcManager/CEngine/scicomm.cpp:274-345 (Standard executes each operator immediately)
# chain 3 + 4 + 5 = (the second + shows 7)
standard-004	standard		3 add 4 add 5 equals	12			src/CalcManager/CalculatorManager.cpp:164; src/CalcManager/CEngine/scicomm.cpp:274-345 (Standard executes each operator immediately)
# E11: `0.1 + 0.2` -> 0.3 (exact rationals)
standard-005	standard		0 decimal 1 add 0 decimal 2 equals	0.3			src/CalcManager/CEngine/scioper.cpp:82-92 + src/CalcManager/Ratpack/rat.cpp:188-233 (exact rational add/sub)
# decimal entry without a leading zero
standard-006	standard		decimal 5 add decimal 2 5 equals	0.75			src/CalcManager/CEngine/scioper.cpp:82-92 + src/CalcManager/Ratpack/rat.cpp:188-233 (exact rational add/sub)
# 1.5 x 2
standard-007	standard		1 decimal 5 multiply 2 equals	3			src/CalcManager/CEngine/scioper.cpp:82-92 + src/CalcManager/Ratpack/rat.cpp:188-233 (exact rational add/sub)
# subtraction below zero
standard-008	standard		9 subtract 1 2 equals	-3			src/CalcManager/CEngine/scioper.cpp:82-92 + src/CalcManager/Ratpack/rat.cpp:188-233 (exact rational add/sub)
# 1 / 3 at 16 digits
standard-009	standard		1 divide 3 equals	0.3333333333333333			src/CalcManager/CEngine/scioper.cpp:94-131 + src/CalcManager/Ratpack/rat.cpp:135-164; src/CalcManager/Ratpack/conv.cpp:1076-1264 (NumberToString, precision 16: src/CalcManager/CalculatorManager.h:24)
# 2 / 3 rounds the 16th digit up
standard-010	standard		2 divide 3 equals	0.6666666666666667			src/CalcManager/CEngine/scioper.cpp:94-131 + src/CalcManager/Ratpack/rat.cpp:135-164; src/CalcManager/Ratpack/conv.cpp:1076-1264 (NumberToString, precision 16: src/CalcManager/CalculatorManager.h:24)
# 1 / 3 x 3 = 1 exactly (rational, not binary floating point)
standard-011	standard		1 divide 3 multiply 3 equals	1			src/CalcManager/CEngine/scioper.cpp:94-131 + src/CalcManager/Ratpack/rat.cpp:135-164
# 1 / 7
standard-012	standard		1 divide 7 equals	0.1428571428571429			src/CalcManager/CEngine/scioper.cpp:94-131 + src/CalcManager/Ratpack/rat.cpp:135-164; src/CalcManager/Ratpack/conv.cpp:1076-1264 (NumberToString, precision 16: src/CalcManager/CalculatorManager.h:24)
# 1 / 8 terminates
standard-013	standard		1 divide 8 equals	0.125			src/CalcManager/CEngine/scioper.cpp:94-131 + src/CalcManager/Ratpack/rat.cpp:135-164
# 1 / 300: two zeros after the point stay fixed, 14 significant digits
standard-014	standard		1 divide 3 0 0 equals	0.0033333333333333			src/CalcManager/Ratpack/conv.cpp:28,1119-1135 (more than 2 zeros after the point -> e-notation)
# 1 / 3000: three zeros after the point -> e-notation
standard-015	standard		1 divide 3 0 0 0 equals	3.333333333333333e-4			src/CalcManager/Ratpack/conv.cpp:28,1119-1135 (more than 2 zeros after the point -> e-notation)
# E11: `80 + 15 % =` -> 92
standard-016	standard		8 0 add 1 5 percent equals	92			src/CalcManager/CEngine/scifunc.cpp:98-111 (X op Y% = X op X*Y/100; x and / use Y/100)
# percent shows X*Y/100 before =
standard-017	standard		8 0 add 1 5 percent	12			src/CalcManager/CEngine/scifunc.cpp:98-111 (X op Y% = X op X*Y/100; x and / use Y/100)
# 80 - 15 % = 68
standard-018	standard		8 0 subtract 1 5 percent equals	68			src/CalcManager/CEngine/scifunc.cpp:98-111 (X op Y% = X op X*Y/100; x and / use Y/100)
# x uses Y/100: 200 x 10 % = 20
standard-019	standard		2 0 0 multiply 1 0 percent equals	20			src/CalcManager/CEngine/scifunc.cpp:98-111 (X op Y% = X op X*Y/100; x and / use Y/100)
# / uses Y/100: 50 / 25 % = 200
standard-020	standard		5 0 divide 2 5 percent equals	200			src/CalcManager/CEngine/scifunc.cpp:98-111 (X op Y% = X op X*Y/100; x and / use Y/100)
# % with no pending operator is Y * 0/100 = 0
standard-021	standard		1 5 percent	0			src/CalcManager/CEngine/scifunc.cpp:98-111 (X op Y% = X op X*Y/100; x and / use Y/100)
# E11: `2 × = =` -> 8
standard-022	standard		2 multiply equals equals	8			src/CalcManager/CEngine/scicomm.cpp:486-554,884-923 (= repeats the last operation with the held operand)
# repeated = adds the held operand again
standard-023	standard		5 add 3 equals equals equals	14			src/CalcManager/CEngine/scicomm.cpp:486-554,884-923 (= repeats the last operation with the held operand)
# repeated = subtracts again
standard-024	standard		1 0 subtract 2 equals equals	6			src/CalcManager/CEngine/scicomm.cpp:486-554,884-923 (= repeats the last operation with the held operand)
# 2 x 3 = = multiplies by 3 again
standard-025	standard		2 multiply 3 equals equals	18			src/CalcManager/CEngine/scicomm.cpp:486-554,884-923 (= repeats the last operation with the held operand)
# 5 + = uses 5 as the second operand
standard-026	standard		5 add equals	10			src/CalcManager/CEngine/scicomm.cpp:351-359,509-514
# Standard 2 + 3 x 4 = = repeats x4
standard-027	standard		2 add 3 multiply 4 equals equals	80			src/CalcManager/CEngine/scicomm.cpp:486-554,884-923 (= repeats the last operation with the held operand)
# changing the operator: the last one wins
standard-028	standard		5 add multiply 3 equals	15			src/CalcManager/CEngine/scicomm.cpp:236-261
# digit grouping while typing
standard-029	standard		1 2 3 4 5 6 7	1,234,567			src/CalcManager/CEngine/scidisp.cpp:246-265,286-384 + src/CalcManager/CEngine/calc.cpp:20-21 ("," every 3)
# grouping with a fraction (integer part only)
standard-030	standard		1 2 3 4 decimal 5 6 7 8	1,234.5678			src/CalcManager/CEngine/scidisp.cpp:246-265,286-384 + src/CalcManager/CEngine/calc.cpp:20-21 ("," every 3)
# grouping of a negative number
standard-031	standard		1 2 3 4 5 6 7 negate	-1,234,567			src/CalcManager/CEngine/scidisp.cpp:246-265,286-384 + src/CalcManager/CEngine/calc.cpp:20-21 ("," every 3); src/CalcManager/CEngine/scicomm.cpp:699-730 + src/CalcManager/CEngine/CalcInput.cpp:28-57
# the first operator shrinks 1234.50 to 1,234.5
standard-032	standard		1 2 3 4 decimal 5 0 add	1,234.5			src/CalcManager/CEngine/scicomm.cpp:150-160; src/CalcManager/Ratpack/conv.cpp:1076-1264 (NumberToString, precision 16: src/CalcManager/CalculatorManager.h:24)
# 16-digit entry limit: the 17th digit is refused
standard-033	standard		1 2 3 4 5 6 7 8 9 0 1 2 3 4 5 6 7	1,234,567,890,123,456			src/CalcManager/CEngine/CalcInput.cpp:59-170 (digit limit = precision; leading zeros ignored)
# 16 fractional digits after 0.
standard-034	standard		0 decimal 1 2 3 4 5 6 7 8 9 0 1 2 3 4 5 6 7	0.1234567890123456			src/CalcManager/CEngine/CalcInput.cpp:59-170 (digit limit = precision; leading zeros ignored)
# leading zeros are ignored
standard-035	standard		0 0 5	5			src/CalcManager/CEngine/CalcInput.cpp:59-170 (digit limit = precision; leading zeros ignored)
# a second decimal point is refused
standard-036	standard		1 decimal 2 decimal 3	1.23			src/CalcManager/CEngine/CalcInput.cpp:172-190
# 99999999 x 99999999 fits 16 digits
standard-037	standard		9 9 9 9 9 9 9 9 multiply 9 9 9 9 9 9 9 9 equals	9,999,999,800,000,001			src/CalcManager/Ratpack/conv.cpp:1076-1264 (NumberToString, precision 16: src/CalcManager/CalculatorManager.h:24); src/CalcManager/CEngine/scidisp.cpp:246-265,286-384 + src/CalcManager/CEngine/calc.cpp:20-21 ("," every 3)
# E11: integer part past 16 digits -> e-notation (1.e+16)
standard-038	standard		9 9 9 9 9 9 9 9 9 9 9 9 9 9 9 9 add 1 equals	1.e+16			src/CalcManager/Ratpack/conv.cpp:1083-1087,1242-1261 (integer digits > precision -> d.ddde+N)
# E11: 18 integer digits -> 16 significant digits in e-notation
standard-039	standard		9 9 9 9 9 9 9 9 9 multiply 9 9 9 9 9 9 9 9 9 equals	9.99999998e+17			src/CalcManager/Ratpack/conv.cpp:1083-1087,1242-1261 (integer digits > precision -> d.ddde+N)
# e-notation keeps 16 significant digits, rounded
standard-040	standard		1 2 3 4 5 6 7 8 9 0 1 2 3 4 5 6 multiply 1 0 0 0 equals	1.234567890123456e+18			src/CalcManager/Ratpack/conv.cpp:1083-1087,1242-1261 (integer digits > precision -> d.ddde+N)
# tiny difference snaps to 0 at 16 digits
standard-041	standard		1 0 0 0 0 0 0 0 0 0 0 0 0 0 0 0 add 0 decimal 0 0 0 0 1 subtract 1 0 0 0 0 0 0 0 0 0 0 0 0 0 0 0 equals	0			src/CalcManager/Ratpack/rat.cpp:188-197,346-388 + src/CalcManager/Ratpack/support.cpp:175-176 (a-b smaller than max(|a|,|b|)*10^-P snaps to 0)
# backspace removes the last digit
standard-042	standard		1 2 3 backspace	12			src/CalcManager/CEngine/scicomm.cpp:472-484 + src/CalcManager/CEngine/CalcInput.cpp:211-252
# backspace to empty shows 0
standard-043	standard		1 2 3 backspace backspace backspace	0			src/CalcManager/CEngine/scicomm.cpp:472-484 + src/CalcManager/CEngine/CalcInput.cpp:211-252
# backspace keeps the typed decimal point
standard-044	standard		1 decimal 5 backspace	1.			src/CalcManager/CEngine/scicomm.cpp:472-484 + src/CalcManager/CEngine/CalcInput.cpp:211-252
# backspace over the decimal point
standard-045	standard		1 decimal backspace	1			src/CalcManager/CEngine/scicomm.cpp:472-484 + src/CalcManager/CEngine/CalcInput.cpp:211-252
# backspace after = does nothing
standard-046	standard		2 add 3 equals backspace	5			src/CalcManager/CEngine/scicomm.cpp:472-484 + src/CalcManager/CEngine/CalcInput.cpp:211-252
# CE clears only the entry
standard-047	standard		5 add 3 clear_entry 2 equals	7			src/CalcManager/CEngine/scicomm.cpp:434-470 (C clears all, CE only the entry)
# CE on a typed number shows 0
standard-048	standard		1 2 3 clear_entry	0			src/CalcManager/CEngine/scicomm.cpp:434-470 (C clears all, CE only the entry)
# C clears the pending operation
standard-049	standard		5 add 3 clear 2 equals	2			src/CalcManager/CEngine/scicomm.cpp:434-470 (C clears all, CE only the entry)
# negate while typing
standard-050	standard		5 negate	-5			src/CalcManager/CEngine/scicomm.cpp:699-730 + src/CalcManager/CEngine/CalcInput.cpp:28-57
# negate twice
standard-051	standard		5 negate negate	5			src/CalcManager/CEngine/scicomm.cpp:699-730 + src/CalcManager/CEngine/CalcInput.cpp:28-57
# negate a result
standard-052	standard		2 add 3 equals negate	-5			src/CalcManager/CEngine/scicomm.cpp:699-730 + src/CalcManager/CEngine/CalcInput.cpp:28-57
# negate of an empty entry stays 0
standard-053	standard		0 negate	0			src/CalcManager/CEngine/scicomm.cpp:699-730 + src/CalcManager/CEngine/CalcInput.cpp:28-57
# negative operand
standard-054	standard		5 negate add 3 equals	-2			src/CalcManager/CEngine/scicomm.cpp:699-730 + src/CalcManager/CEngine/CalcInput.cpp:28-57
# negate a decimal
standard-055	standard		1 decimal 5 negate	-1.5			src/CalcManager/CEngine/scicomm.cpp:699-730 + src/CalcManager/CEngine/CalcInput.cpp:28-57
# sqrt of a perfect square is exact
standard-056	standard		8 1 sqrt	9			src/CalcManager/CEngine/scifunc.cpp:205-207 + src/CalcManager/Ratpack/exp.cpp:305-412 (exact integer roots)
# sqrt 2 at 16 digits
standard-057	standard		2 sqrt	1.414213562373095			src/CalcManager/CEngine/scifunc.cpp:205-207 + src/CalcManager/Ratpack/exp.cpp:305-412 (exact integer roots); src/CalcManager/Ratpack/conv.cpp:1076-1264 (NumberToString, precision 16: src/CalcManager/CalculatorManager.h:24)
# E11: `√−1` (Standard) -> Invalid input
standard-058	standard		1 negate sqrt	Invalid input			src/CalcManager/Ratpack/exp.cpp:486-525 (negative base, even root) CALC_E_DOMAIN -> src/Calculator/Resources/en-US/CEngineStrings.resw:124-126
# x^2
standard-059	standard		1 2 square	144			src/CalcManager/CEngine/scifunc.cpp:201-203
# x^2 of a decimal
standard-060	standard		0 decimal 5 square	0.25			src/CalcManager/CEngine/scifunc.cpp:201-203
# 1/x
standard-061	standard		4 reciprocal	0.25			src/CalcManager/CEngine/scifunc.cpp:197-199
# 1/x of 3 at 16 digits
standard-062	standard		3 reciprocal	0.3333333333333333			src/CalcManager/CEngine/scifunc.cpp:197-199; src/CalcManager/Ratpack/conv.cpp:1076-1264 (NumberToString, precision 16: src/CalcManager/CalculatorManager.h:24)
# 1/x of 0
standard-063	standard		0 reciprocal	Cannot divide by zero			src/CalcManager/CEngine/scifunc.cpp:197-199 + src/CalcManager/Ratpack/rat.cpp:144-148 CALC_E_DIVIDEBYZERO -> src/Calculator/Resources/en-US/CEngineStrings.resw:416-418
# a function right after an operator uses the first operand: 9 + sqrt = 12
standard-064	standard		9 add sqrt equals	12			src/CalcManager/CEngine/scicomm.cpp:351-359
# E11: `1 ÷ 0` -> Cannot divide by zero
standard-065	standard		1 divide 0 equals	Cannot divide by zero			src/CalcManager/Ratpack/rat.cpp:144-148 CALC_E_DIVIDEBYZERO -> src/Calculator/Resources/en-US/CEngineStrings.resw:416-418
# E11: `0 ÷ 0` -> Result is undefined
standard-066	standard		0 divide 0 equals	Result is undefined			src/CalcManager/Ratpack/rat.cpp:152-159 CALC_E_INDEFINITE -> src/Calculator/Resources/en-US/CEngineStrings.resw:128-130
# keys after an error are ignored
standard-067	standard		1 divide 0 equals 5 add	Cannot divide by zero			src/CalcManager/CEngine/scicomm.cpp:131-147 (in error only C / CE act)
# C leaves the error state
standard-068	standard		1 divide 0 equals clear 5	5			src/CalcManager/CEngine/scicomm.cpp:131-147 (in error only C / CE act)
# CE acts as C in the error state
standard-069	standard		1 divide 0 equals clear_entry	0			src/CalcManager/CEngine/scicomm.cpp:131-147 (in error only C / CE act)
# Overflow in Standard: (10^15)^(2^10)
standard-070	standard		1 0 0 0 0 0 0 0 0 0 0 0 0 0 0 0 square square square square square square square square square square	Overflow			src/CalcManager/CEngine/scidisp.cpp:23,117-120,148-151 (exponent over 4 digits) -> src/Calculator/Resources/en-US/CEngineStrings.resw:136-138
# MS / MR
standard-071	standard		mc 5 ms clear mr	5			src/CalcManager/CalculatorManager.cpp:326-445 + src/CalcManager/CEngine/scicomm.cpp:732-769 (memory slot 0 = newest)
# MS ends the entry: the next digit starts a new number
standard-072	standard		mc 5 ms 3	3			src/CalcManager/CalculatorManager.cpp:326-445 + src/CalcManager/CEngine/scicomm.cpp:732-769 (memory slot 0 = newest)
# M+ adds the display to slot 0
standard-073	standard		mc 5 ms 3 mplus mr	8			src/CalcManager/CalculatorManager.cpp:326-445 + src/CalcManager/CEngine/scicomm.cpp:732-769 (memory slot 0 = newest)
# M- subtracts the display from slot 0
standard-074	standard		mc 5 ms 3 mminus mr	2			src/CalcManager/CalculatorManager.cpp:326-445 + src/CalcManager/CEngine/scicomm.cpp:732-769 (memory slot 0 = newest)
# M+ on an empty memory stores first
standard-075	standard		mc 5 mplus mplus mr	10			src/CalcManager/CalculatorManager.cpp:371-394
# M- on an empty memory stores -x
standard-076	standard		mc 5 mminus mr	-5			src/CalcManager/CalculatorManager.cpp:409-432
# MS inserts at the front: MR recalls the newest
standard-077	standard		mc 5 ms 7 ms mr	7			src/CalcManager/CalculatorManager.cpp:326-345
# MR replaces the typed entry
standard-078	standard		mc 5 ms 3 mr	5			src/CalcManager/CalculatorManager.cpp:326-445 + src/CalcManager/CEngine/scicomm.cpp:732-769 (memory slot 0 = newest)
# MC ends the entry like MS (record off)
standard-079	standard		mc 5 ms 7 mc 3	3			src/CalcManager/CalculatorManager.cpp:440-445 + src/CalcManager/CEngine/scicomm.cpp:150-160
# memory recall into an operation
standard-080	standard		mc 2 add 3 equals ms clear mr multiply 2 equals	10			src/CalcManager/CalculatorManager.cpp:326-445 + src/CalcManager/CEngine/scicomm.cpp:732-769 (memory slot 0 = newest)
# ---- scientific ----
# E11: `2 + 3 × 4 =` -> 14 in Scientific (precedence)
scientific-001	scientific		2 add 3 multiply 4 equals	14			src/CalcManager/CalculatorManager.cpp:183; src/CalcManager/CEngine/scicomm.cpp:274-345 (precedence stack)
# precedence: the x waits, the display still shows 3
scientific-002	scientific		2 add 3 multiply	3			src/CalcManager/CalculatorManager.cpp:183; src/CalcManager/CEngine/scicomm.cpp:274-345 (precedence stack)
# 2 x 3 + 4
scientific-003	scientific		2 multiply 3 add 4 equals	10			src/CalcManager/CalculatorManager.cpp:183; src/CalcManager/CEngine/scicomm.cpp:274-345 (precedence stack)
# 2 + 3 x 4 - 5
scientific-004	scientific		2 add 3 multiply 4 subtract 5 equals	9			src/CalcManager/CalculatorManager.cpp:183; src/CalcManager/CEngine/scicomm.cpp:274-345 (precedence stack)
# x^y binds tighter than x: 1 + 2 x 3^2
scientific-005	scientific		1 add 2 multiply 3 pow 2 equals	19			src/CalcManager/CalculatorManager.cpp:183; src/CalcManager/CEngine/scicomm.cpp:274-345 (precedence stack); src/CalcManager/CEngine/scicomm.cpp:31-58 (NPrecedenceOfOp)
# Scientific 2 + 3 x 4 = = repeats the last resolved +12
scientific-006	scientific		2 add 3 multiply 4 equals equals	26			src/CalcManager/CEngine/scicomm.cpp:486-554,884-923 (= repeats the last operation with the held operand)
# parentheses
scientific-007	scientific		lparen 2 add 3 rparen multiply 4 equals	20			src/CalcManager/CEngine/scicomm.cpp:556-666 (+ implicit x: :576-581 before '(', :196-227 after ')')
# parentheses on the right
scientific-008	scientific		2 multiply lparen 3 add 4 rparen equals	14			src/CalcManager/CEngine/scicomm.cpp:556-666 (+ implicit x: :576-581 before '(', :196-227 after ')')
# = closes open parentheses
scientific-009	scientific		lparen 1 add 2 equals	3			src/CalcManager/CEngine/scicomm.cpp:556-666 (+ implicit x: :576-581 before '(', :196-227 after ')'); src/CalcManager/CEngine/scicomm.cpp:488-501 (= closes open parentheses)
# implicit x before (
scientific-010	scientific		2 lparen 3 add 4 rparen equals	14			src/CalcManager/CEngine/scicomm.cpp:556-666 (+ implicit x: :576-581 before '(', :196-227 after ')')
# implicit x after )
scientific-011	scientific		lparen 2 add 3 rparen 4 equals	20			src/CalcManager/CEngine/scicomm.cpp:556-666 (+ implicit x: :576-581 before '(', :196-227 after ')')
# 1 / 3 at 32 digits
scientific-012	scientific		1 divide 3 equals	0.33333333333333333333333333333333			src/CalcManager/CEngine/scioper.cpp:94-131 + src/CalcManager/Ratpack/rat.cpp:135-164; src/CalcManager/Ratpack/conv.cpp:1076-1264 (NumberToString, precision 32: src/CalcManager/CalculatorManager.h:25)
# 2 / 3 rounds the 32nd digit up
scientific-013	scientific		2 divide 3 equals	0.66666666666666666666666666666667			src/CalcManager/CEngine/scioper.cpp:94-131 + src/CalcManager/Ratpack/rat.cpp:135-164; src/CalcManager/Ratpack/conv.cpp:1076-1264 (NumberToString, precision 32: src/CalcManager/CalculatorManager.h:25)
# 0.1 + 0.2 = 0.3
scientific-014	scientific		0 decimal 1 add 0 decimal 2 equals	0.3			src/CalcManager/CEngine/scioper.cpp:82-92 + src/CalcManager/Ratpack/rat.cpp:188-233 (exact rational add/sub)
# 1 / 3000 -> e-notation at 32 digits
scientific-015	scientific		1 divide 3 0 0 0 equals	3.3333333333333333333333333333333e-4			src/CalcManager/Ratpack/conv.cpp:28,1119-1135 (more than 2 zeros after the point -> e-notation)
# 32-digit entry limit
scientific-016	scientific		1 2 3 4 5 6 7 8 9 0 1 2 3 4 5 6 7 8 9 0 1 2 3 4 5 6 7 8 9 0 1 2 3	12,345,678,901,234,567,890,123,456,789,012			src/CalcManager/CEngine/CalcInput.cpp:59-170 (digit limit = precision; leading zeros ignored)
# 20 typed digits are grouped
scientific-017	scientific		1 2 3 4 5 6 7 8 9 0 1 2 3 4 5 6 7 8 9 0	12,345,678,901,234,567,890			src/CalcManager/CEngine/scidisp.cpp:246-265,286-384 + src/CalcManager/CEngine/calc.cpp:20-21 ("," every 3)
# 32 nines + 1 -> 1.e+32
scientific-018	scientific		9 9 9 9 9 9 9 9 9 9 9 9 9 9 9 9 9 9 9 9 9 9 9 9 9 9 9 9 9 9 9 9 add 1 equals	1.e+32			src/CalcManager/Ratpack/conv.cpp:1083-1087,1242-1261 (integer digits > precision -> d.ddde+N)
# 1e31 still fits 32 digits
scientific-019	scientific		1 exp 3 1 equals	10,000,000,000,000,000,000,000,000,000,000			src/CalcManager/Ratpack/conv.cpp:1083-1087,1242-1261 (integer digits > precision -> d.ddde+N); src/CalcManager/CEngine/scicomm.cpp:825-832 + src/CalcManager/CEngine/CalcInput.cpp:197-209,273-325
# E11: `200 !` (Scientific) -> 7.8865786736479050355236321393219e+374
scientific-020	scientific		2 0 0 factorial	7.8865786736479050355236321393219e+374			src/CalcManager/CEngine/scifunc.cpp:230-232 + src/CalcManager/Ratpack/fact.cpp:187-246; src/CalcManager/Ratpack/conv.cpp:1083-1087,1242-1261 (integer digits > precision -> d.ddde+N)
# 20!
scientific-021	scientific		2 0 factorial	2,432,902,008,176,640,000			src/CalcManager/CEngine/scifunc.cpp:230-232 + src/CalcManager/Ratpack/fact.cpp:187-246; src/CalcManager/CEngine/scidisp.cpp:246-265,286-384 + src/CalcManager/CEngine/calc.cpp:20-21 ("," every 3)
# 50! -> e-notation
scientific-022	scientific		5 0 factorial	3.0414093201713378043612608166065e+64			src/CalcManager/CEngine/scifunc.cpp:230-232 + src/CalcManager/Ratpack/fact.cpp:187-246; src/CalcManager/Ratpack/conv.cpp:1083-1087,1242-1261 (integer digits > precision -> d.ddde+N)
# 0! = 1
scientific-023	scientific		0 factorial	1			src/CalcManager/CEngine/scifunc.cpp:230-232 + src/CalcManager/Ratpack/fact.cpp:187-246
# (-1)! -> Invalid input
scientific-024	scientific		1 negate factorial	Invalid input			src/CalcManager/Ratpack/fact.cpp:207-212 CALC_E_DOMAIN -> src/Calculator/Resources/en-US/CEngineStrings.resw:124-126
# 3250! -> Overflow (the factorial limit is 3249)
scientific-025	scientific		3 2 5 0 factorial	Overflow			src/CalcManager/Ratpack/fact.cpp:193-198 + src/CalcManager/Ratpack/support.cpp:168-170 -> src/Calculator/Resources/en-US/CEngineStrings.resw:136-138
# E11: sin 30 in DEG -> 0.5
scientific-026	scientific	angle=deg	3 0 sin	0.5			src/CalcManager/CEngine/scifunc.cpp:113-146 + src/CalcManager/Ratpack/trans.cpp:19-35,101-125,196-228,266-290 (DEG/GRAD scaled to pi, RAD as is)
# E11: sin 30 in RAD -> -0.9880…
scientific-027	scientific	angle=rad	3 0 sin	-0.98803162409286178998774890729446			src/CalcManager/CEngine/scifunc.cpp:113-146 + src/CalcManager/Ratpack/trans.cpp:19-35,101-125,196-228,266-290 (DEG/GRAD scaled to pi, RAD as is)
# E11: sin 30 in GRAD -> 0.4540…
scientific-028	scientific	angle=grad	3 0 sin	0.45399049973954679156040836635787			src/CalcManager/CEngine/scifunc.cpp:113-146 + src/CalcManager/Ratpack/trans.cpp:19-35,101-125,196-228,266-290 (DEG/GRAD scaled to pi, RAD as is)
# the angle key cycles DEG -> RAD
scientific-029	scientific	angle=deg	3 0 angle sin	-0.98803162409286178998774890729446			src/CalcManager/CEngine/scifunc.cpp:113-146 + src/CalcManager/Ratpack/trans.cpp:19-35,101-125,196-228,266-290 (DEG/GRAD scaled to pi, RAD as is) + src/CalcManager/CEngine/scicomm.cpp:693-697
# cos 60 DEG
scientific-030	scientific	angle=deg	6 0 cos	0.5			src/CalcManager/CEngine/scifunc.cpp:113-146 + src/CalcManager/Ratpack/trans.cpp:19-35,101-125,196-228,266-290 (DEG/GRAD scaled to pi, RAD as is)
# tan 45 DEG
scientific-031	scientific	angle=deg	4 5 tan	1			src/CalcManager/CEngine/scifunc.cpp:113-146 + src/CalcManager/Ratpack/trans.cpp:19-35,101-125,196-228,266-290 (DEG/GRAD scaled to pi, RAD as is)
# sin 180 DEG snaps to 0
scientific-032	scientific	angle=deg	1 8 0 sin	0			src/CalcManager/Ratpack/trans.cpp:86-93 (|x| <= 10^-P -> 0)
# cos 90 DEG snaps to 0
scientific-033	scientific	angle=deg	9 0 cos	0			src/CalcManager/Ratpack/trans.cpp:181-188
# tan 90 DEG -> Invalid input
scientific-034	scientific	angle=deg	9 0 tan	Invalid input			src/CalcManager/Ratpack/trans.cpp:242-257 CALC_E_DOMAIN -> src/Calculator/Resources/en-US/CEngineStrings.resw:124-126
# sin of a negative angle
scientific-035	scientific	angle=deg	3 0 negate sin	-0.5			src/CalcManager/CEngine/scifunc.cpp:113-146 + src/CalcManager/Ratpack/trans.cpp:19-35,101-125,196-228,266-290 (DEG/GRAD scaled to pi, RAD as is)
# sin 1 RAD
scientific-036	scientific	angle=rad	1 sin	0.8414709848078965066525023216303			src/CalcManager/CEngine/scifunc.cpp:113-146 + src/CalcManager/Ratpack/trans.cpp:19-35,101-125,196-228,266-290 (DEG/GRAD scaled to pi, RAD as is)
# cos 100 GRAD snaps to 0
scientific-037	scientific	angle=grad	1 0 0 cos	0			src/CalcManager/Ratpack/trans.cpp:181-188
# sin of 1e100 -> Invalid input (too big for trig)
scientific-038	scientific	angle=deg	1 exp 1 0 0 sin	Invalid input			src/CalcManager/CEngine/scicomm.cpp:373-382,1128-1131 + src/CalcManager/CEngine/calc.cpp:106
# asin 0.5 DEG = 30
scientific-039	scientific	angle=deg	0 decimal 5 inv sin	30			src/CalcManager/CEngine/scifunc.cpp:113-146 + src/CalcManager/Ratpack/itrans.cpp (asin/acos/atan, ascalerat)
# acos 1 DEG = 0
scientific-040	scientific	angle=deg	1 inv cos	0			src/CalcManager/CEngine/scifunc.cpp:113-146 + src/CalcManager/Ratpack/itrans.cpp (asin/acos/atan, ascalerat)
# atan 1 DEG = 45
scientific-041	scientific	angle=deg	1 inv tan	45			src/CalcManager/CEngine/scifunc.cpp:113-146 + src/CalcManager/Ratpack/itrans.cpp (asin/acos/atan, ascalerat)
# atan 1 RAD = pi/4
scientific-042	scientific	angle=rad	1 inv tan	0.78539816339744830961566084581988			src/CalcManager/CEngine/scifunc.cpp:113-146 + src/CalcManager/Ratpack/itrans.cpp (asin/acos/atan, ascalerat)
# atan 1 GRAD = 50
scientific-043	scientific	angle=grad	1 inv tan	50			src/CalcManager/CEngine/scifunc.cpp:113-146 + src/CalcManager/Ratpack/itrans.cpp (asin/acos/atan, ascalerat)
# acos 0.5 DEG = 60
scientific-044	scientific	angle=deg	0 decimal 5 inv cos	60			src/CalcManager/CEngine/scifunc.cpp:113-146 + src/CalcManager/Ratpack/itrans.cpp (asin/acos/atan, ascalerat)
# asin 2 -> Invalid input
scientific-045	scientific	angle=deg	2 inv sin	Invalid input			src/CalcManager/Ratpack/itrans.cpp:108-117 CALC_E_DOMAIN -> src/Calculator/Resources/en-US/CEngineStrings.resw:124-126
# sinh 1
scientific-046	scientific	angle=deg	1 hyp sin	1.1752011936438014568823818505956			src/CalcManager/CEngine/scifunc.cpp:120-153 + src/CalcManager/Ratpack/transh.cpp, src/CalcManager/Ratpack/itransh.cpp
# cosh 1
scientific-047	scientific	angle=deg	1 hyp cos	1.5430806348152437784779056207571			src/CalcManager/CEngine/scifunc.cpp:120-153 + src/CalcManager/Ratpack/transh.cpp, src/CalcManager/Ratpack/itransh.cpp
# tanh 1
scientific-048	scientific	angle=deg	1 hyp tan	0.76159415595576488811945828260479			src/CalcManager/CEngine/scifunc.cpp:120-153 + src/CalcManager/Ratpack/transh.cpp, src/CalcManager/Ratpack/itransh.cpp
# asinh 1
scientific-049	scientific	angle=deg	1 inv hyp sin	0.88137358701954302523260932497979			src/CalcManager/CEngine/scifunc.cpp:120-153 + src/CalcManager/Ratpack/transh.cpp, src/CalcManager/Ratpack/itransh.cpp
# acosh 0.5 -> Invalid input
scientific-050	scientific	angle=deg	0 decimal 5 inv hyp cos	Invalid input			src/CalcManager/Ratpack/itransh.cpp:104-110 -> src/Calculator/Resources/en-US/CEngineStrings.resw:124-126
# log 1000 = 3
scientific-051	scientific		1 0 0 0 log	3			src/CalcManager/CEngine/scifunc.cpp:214-228 + src/CalcManager/CEngine/RationalMath.cpp (Log10 = ln/ln10) + src/CalcManager/Ratpack/exp.cpp:155-233
# log 2
scientific-052	scientific		2 log	0.30102999566398119521373889472449			src/CalcManager/CEngine/scifunc.cpp:214-228 + src/CalcManager/CEngine/RationalMath.cpp (Log10 = ln/ln10) + src/CalcManager/Ratpack/exp.cpp:155-233
# log 0 -> Invalid input
scientific-053	scientific		0 log	Invalid input			src/CalcManager/Ratpack/exp.cpp:160-165 CALC_E_DOMAIN -> src/Calculator/Resources/en-US/CEngineStrings.resw:124-126
# ln 10 (inv log)
scientific-054	scientific		1 0 inv log	2.3025850929940456840179914546844			src/CalcManager/CEngine/scifunc.cpp:214-228 + src/CalcManager/CEngine/RationalMath.cpp (Log10 = ln/ln10) + src/CalcManager/Ratpack/exp.cpp:155-233
# ln 1 = 0
scientific-055	scientific		1 inv log	0			src/CalcManager/CEngine/scifunc.cpp:214-228 + src/CalcManager/CEngine/RationalMath.cpp (Log10 = ln/ln10) + src/CalcManager/Ratpack/exp.cpp:155-233
# 10^3 (pow10)
scientific-056	scientific		3 pow10	1,000			src/CalcManager/CEngine/scifunc.cpp:218-220
# e^1 (inv pow10)
scientific-057	scientific		1 inv pow10	2.7182818284590452353602874713527			src/CalcManager/CEngine/scifunc.cpp:226-228 + src/CalcManager/Ratpack/exp.cpp:42-70
# e^2
scientific-058	scientific		2 inv pow10	7.389056098930650227230427460575			src/CalcManager/CEngine/scifunc.cpp:226-228 + src/CalcManager/Ratpack/exp.cpp:42-70
# 2^10
scientific-059	scientific		2 pow 1 0 equals	1,024			src/CalcManager/CEngine/scioper.cpp:153-159 + src/CalcManager/Ratpack/exp.cpp:278-529
# 2^0.5
scientific-060	scientific		2 pow 0 decimal 5 equals	1.4142135623730950488016887242097			src/CalcManager/CEngine/scioper.cpp:153-159 + src/CalcManager/Ratpack/exp.cpp:278-529
# 2^-10
scientific-061	scientific		2 pow 1 0 negate equals	0.0009765625			src/CalcManager/CEngine/scioper.cpp:153-159 + src/CalcManager/Ratpack/exp.cpp:278-529
# 0^0 = 1
scientific-062	scientific		0 pow 0 equals	1			src/CalcManager/Ratpack/exp.cpp:278-285,421-436 (0^0 special-cased to 1)
# 0^-1 -> Invalid input
scientific-063	scientific		0 pow 1 negate equals	Invalid input			src/CalcManager/Ratpack/exp.cpp:424-428 CALC_E_DOMAIN -> src/Calculator/Resources/en-US/CEngineStrings.resw:124-126
# E11: `10 xʸ 10000` -> Overflow
scientific-064	scientific		1 0 pow 1 0 0 0 0 equals	Overflow			src/CalcManager/CEngine/scioper.cpp:153-159 + src/CalcManager/Ratpack/exp.cpp:278-529; src/CalcManager/CEngine/scidisp.cpp:23,117-120,148-151 (exponent over 4 digits) -> src/Calculator/Resources/en-US/CEngineStrings.resw:136-138
# 1e9999 x 10 -> Overflow
scientific-065	scientific		1 exp 9 9 9 9 multiply 1 0 equals	Overflow			src/CalcManager/CEngine/scidisp.cpp:23,117-120,148-151 (exponent over 4 digits) -> src/Calculator/Resources/en-US/CEngineStrings.resw:136-138
# 3rd root of 27 (inv pow) is exact
scientific-066	scientific		2 7 inv pow 3 equals	3			src/CalcManager/CEngine/scioper.cpp:157-159 + src/CalcManager/Ratpack/exp.cpp:305-412
# 4th root of 16
scientific-067	scientific		1 6 inv pow 4 equals	2			src/CalcManager/CEngine/scioper.cpp:157-159 + src/CalcManager/Ratpack/exp.cpp:305-412
# cube root of -8 is -2 (odd root of a negative)
scientific-068	scientific		8 negate inv pow 3 equals	-2			src/CalcManager/Ratpack/exp.cpp:484-512
# x^3 (inv square)
scientific-069	scientific		3 inv square	27			src/CalcManager/CEngine/scifunc.cpp:209-212
# 1.5^3
scientific-070	scientific		1 decimal 5 inv square	3.375			src/CalcManager/CEngine/scifunc.cpp:209-212
# x^2 in Scientific
scientific-071	scientific		1 2 square	144			src/CalcManager/CEngine/scifunc.cpp:201-203
# sqrt 2 at 32 digits
scientific-072	scientific		2 sqrt	1.4142135623730950488016887242097			src/CalcManager/CEngine/scifunc.cpp:205-207 + src/CalcManager/Ratpack/exp.cpp:305-412 (exact integer roots); src/CalcManager/Ratpack/conv.cpp:1076-1264 (NumberToString, precision 32: src/CalcManager/CalculatorManager.h:25)
# sqrt 2 squared minus 2 snaps to 0
scientific-073	scientific		2 sqrt square subtract 2 equals	0			src/CalcManager/Ratpack/rat.cpp:188-197,346-388 + src/CalcManager/Ratpack/support.cpp:175-176 (a-b smaller than max(|a|,|b|)*10^-P snaps to 0)
# Exp entry shows 1.e+3
scientific-074	scientific		1 exp 3	1.e+3			src/CalcManager/CEngine/scicomm.cpp:825-832 + src/CalcManager/CEngine/CalcInput.cpp:197-209,273-325
# 1 Exp 3 = 1,000
scientific-075	scientific		1 exp 3 equals	1,000			src/CalcManager/CEngine/scicomm.cpp:825-832 + src/CalcManager/CEngine/CalcInput.cpp:197-209,273-325
# 1.5 Exp 3 + 1
scientific-076	scientific		1 decimal 5 exp 3 add 1 equals	1,501			src/CalcManager/CEngine/scicomm.cpp:825-832 + src/CalcManager/CEngine/CalcInput.cpp:197-209,273-325
# negative exponent: 2 Exp -5
scientific-077	scientific		2 exp 5 negate equals	0.00002			src/CalcManager/CEngine/scicomm.cpp:825-832 + src/CalcManager/CEngine/CalcInput.cpp:197-209,273-325 + src/CalcManager/CEngine/CalcInput.cpp:36-39
# pi
scientific-078	scientific		pi	3.1415926535897932384626433832795			src/CalcManager/CEngine/scicomm.cpp:770-781 + src/CalcManager/Ratpack/ratconst.h:178-200 (pi to 2e-47)
# 2 pi
scientific-079	scientific		pi multiply 2 equals	6.283185307179586476925286766559			src/CalcManager/CEngine/scicomm.cpp:770-781 + src/CalcManager/Ratpack/ratconst.h:178-200 (pi to 2e-47)
# 17 Mod 5
scientific-080	scientific		1 7 mod 5 equals	2			src/CalcManager/CEngine/scioper.cpp:94-151 + src/CalcManager/Ratpack/logic.cpp:229-253 (sign of the divisor; X mod 0 = X)
# -17 Mod 5 takes the divisor's sign
scientific-081	scientific		1 7 negate mod 5 equals	3			src/CalcManager/CEngine/scioper.cpp:94-151 + src/CalcManager/Ratpack/logic.cpp:229-253 (sign of the divisor; X mod 0 = X)
# 17 Mod -5
scientific-082	scientific		1 7 mod 5 negate equals	-3			src/CalcManager/CEngine/scioper.cpp:94-151 + src/CalcManager/Ratpack/logic.cpp:229-253 (sign of the divisor; X mod 0 = X)
# 7.5 Mod 2
scientific-083	scientific		7 decimal 5 mod 2 equals	1.5			src/CalcManager/CEngine/scioper.cpp:94-151 + src/CalcManager/Ratpack/logic.cpp:229-253 (sign of the divisor; X mod 0 = X)
# 5 Mod 0 returns 5
scientific-084	scientific		5 mod 0 equals	5			src/CalcManager/CEngine/scioper.cpp:94-151 + src/CalcManager/Ratpack/logic.cpp:229-253 (sign of the divisor; X mod 0 = X)
# Scientific 1 / 0
scientific-085	scientific		1 divide 0 equals	Cannot divide by zero			src/CalcManager/Ratpack/rat.cpp:144-148 CALC_E_DIVIDEBYZERO -> src/Calculator/Resources/en-US/CEngineStrings.resw:416-418
# memory shared with Standard's rules
scientific-086	scientific		mc 5 ms 3 mplus mr	8			src/CalcManager/CalculatorManager.cpp:326-445 + src/CalcManager/CEngine/scicomm.cpp:732-769 (memory slot 0 = newest)
# F-E forces e-notation (LAST scientific line: the engine keeps F-E across C)
scientific-087	scientific		1 2 3 fe	1.23e+2			src/CalcManager/CEngine/scicomm.cpp:819-823 + src/CalcManager/Ratpack/conv.cpp:1162-1190,1242-1255
# ---- programmer ----
# E11: 255 DEC -> HEX FF
programmer-001	programmer	radix=dec word=qword	2 5 5 radix_hex	FF			src/CalcManager/CEngine/scicomm.cpp:669-677 + src/CalcManager/CEngine/sciset.cpp:12-51; src/CalcManager/CEngine/scicomm.cpp:1161-1193 + src/CalcManager/CEngine/scidisp.cpp:54-76,246-265 (+ BIN pad src/Calculator.ViewModels/StandardCalculatorViewModel.cs:1941-1958)
# E11: 255 DEC -> OCT 377
programmer-002	programmer	radix=dec word=qword	2 5 5 radix_oct	377			src/CalcManager/CEngine/scicomm.cpp:669-677 + src/CalcManager/CEngine/sciset.cpp:12-51; src/CalcManager/CEngine/scicomm.cpp:1161-1193 + src/CalcManager/CEngine/scidisp.cpp:54-76,246-265 (+ BIN pad src/Calculator.ViewModels/StandardCalculatorViewModel.cs:1941-1958)
# E11: 255 DEC -> BIN 1111 1111
programmer-003	programmer	radix=dec word=qword	2 5 5 radix_bin	1111 1111			src/CalcManager/CEngine/scicomm.cpp:669-677 + src/CalcManager/CEngine/sciset.cpp:12-51; src/CalcManager/CEngine/scicomm.cpp:1161-1193 + src/CalcManager/CEngine/scidisp.cpp:54-76,246-265 (+ BIN pad src/Calculator.ViewModels/StandardCalculatorViewModel.cs:1941-1958)
# HEX FF -> DEC 255
programmer-004	programmer	radix=hex word=qword	F F radix_dec	255			src/CalcManager/CEngine/scicomm.cpp:669-677 + src/CalcManager/CEngine/sciset.cpp:12-51
# HEX grouping in fours
programmer-005	programmer	radix=hex word=qword	A B C D E F	AB CDEF			src/CalcManager/CEngine/scicomm.cpp:1161-1193 + src/CalcManager/CEngine/scidisp.cpp:54-76,246-265 (+ BIN pad src/Calculator.ViewModels/StandardCalculatorViewModel.cs:1941-1958)
# OCT grouping in threes
programmer-006	programmer	radix=oct word=qword	1 2 3 4 5 6 7	1 234 567			src/CalcManager/CEngine/scicomm.cpp:1161-1193 + src/CalcManager/CEngine/scidisp.cpp:54-76,246-265 (+ BIN pad src/Calculator.ViewModels/StandardCalculatorViewModel.cs:1941-1958)
# OCT 777 -> DEC 511
programmer-007	programmer	radix=oct word=qword	7 7 7 radix_dec	511			src/CalcManager/CEngine/scicomm.cpp:669-677 + src/CalcManager/CEngine/sciset.cpp:12-51
# BIN display is padded to the nibble
programmer-008	programmer	radix=bin word=qword	1 0 1	0101			src/CalcManager/CEngine/scicomm.cpp:1161-1193 + src/CalcManager/CEngine/scidisp.cpp:54-76,246-265 (+ BIN pad src/Calculator.ViewModels/StandardCalculatorViewModel.cs:1941-1958)
# BIN 101 -> DEC 5
programmer-009	programmer	radix=bin word=qword	1 0 1 radix_dec	5			src/CalcManager/CEngine/scicomm.cpp:669-677 + src/CalcManager/CEngine/sciset.cpp:12-51
# BIN 11111111 + 1 in QWORD
programmer-010	programmer	radix=bin word=qword	1 1 1 1 1 1 1 1 add 1 equals	0001 0000 0000			src/CalcManager/CEngine/scicomm.cpp:1161-1193 + src/CalcManager/CEngine/scidisp.cpp:54-76,246-265 (+ BIN pad src/Calculator.ViewModels/StandardCalculatorViewModel.cs:1941-1958)
# DEC grouping
programmer-011	programmer	radix=dec word=qword	1 2 3 4 5 6 7	1,234,567			src/CalcManager/CEngine/scidisp.cpp:246-265,286-384 + src/CalcManager/CEngine/calc.cpp:20-21 ("," every 3)
# E11: BYTE 255 + 1 -> 0 (typed in HEX)
programmer-012	programmer	radix=hex word=byte	F F add 1 equals	0			src/CalcManager/CEngine/scidisp.cpp:54-76,106-110 (results wrap to the word size) + src/CalcManager/CEngine/scicomm.cpp:1178-1183
# BYTE 127 + 1 wraps to -128 in DEC
programmer-013	programmer	radix=dec word=byte	1 2 7 add 1 equals	-128			src/CalcManager/CEngine/scidisp.cpp:54-76,106-110 (results wrap to the word size) + src/CalcManager/CEngine/scicomm.cpp:1178-1183
# DEC BYTE: 255 cannot be typed (the third digit is refused)
programmer-014	programmer	radix=dec word=byte	2 5 5	25			src/CalcManager/CEngine/CalcInput.cpp:103-167 + src/CalcManager/CEngine/sciset.cpp:144-164 (max digits per word size)
# E11: QWORD −1 -> FFFF FFFF FFFF FFFF
programmer-015	programmer	radix=dec word=qword	1 negate radix_hex	FFFF FFFF FFFF FFFF			src/CalcManager/CEngine/scicomm.cpp:679-691 + src/CalcManager/CEngine/sciset.cpp:12-51 + src/CalcManager/CEngine/scidisp.cpp:54-76 (two's complement at the word size); src/CalcManager/CEngine/scicomm.cpp:1161-1193 + src/CalcManager/CEngine/scidisp.cpp:54-76,246-265 (+ BIN pad src/Calculator.ViewModels/StandardCalculatorViewModel.cs:1941-1958)
# -1 in DEC QWORD
programmer-016	programmer	radix=dec word=qword	1 negate	-1			src/CalcManager/CEngine/scicomm.cpp:699-730 + src/CalcManager/CEngine/CalcInput.cpp:28-57
# negate in HEX is two's complement
programmer-017	programmer	radix=hex word=qword	1 negate	FFFF FFFF FFFF FFFF			src/CalcManager/CEngine/scicomm.cpp:699-730 + src/CalcManager/CEngine/CalcInput.cpp:28-57; src/CalcManager/CEngine/scicomm.cpp:154 (+/- outside DEC ends the entry); src/CalcManager/CEngine/scicomm.cpp:679-691 + src/CalcManager/CEngine/sciset.cpp:12-51 + src/CalcManager/CEngine/scidisp.cpp:54-76 (two's complement at the word size)
# QWORD 16 F's + 1 wraps to 0
programmer-018	programmer	radix=hex word=qword	F F F F F F F F F F F F F F F F add 1 equals	0			src/CalcManager/CEngine/scidisp.cpp:54-76,106-110 (results wrap to the word size) + src/CalcManager/CEngine/scicomm.cpp:1178-1183
# DWORD 7FFFFFFF + 1 = 8000 0000
programmer-019	programmer	radix=hex word=dword	7 F F F F F F F add 1 equals	8000 0000			src/CalcManager/CEngine/scidisp.cpp:54-76,106-110 (results wrap to the word size) + src/CalcManager/CEngine/scicomm.cpp:1178-1183
# DWORD 2147483647 + 1 = -2,147,483,648
programmer-020	programmer	radix=dec word=dword	2 1 4 7 4 8 3 6 4 7 add 1 equals	-2,147,483,648			src/CalcManager/CEngine/scidisp.cpp:54-76,106-110 (results wrap to the word size) + src/CalcManager/CEngine/scicomm.cpp:1178-1183; src/CalcManager/CEngine/CalcInput.cpp:103-167 + src/CalcManager/CEngine/sciset.cpp:144-164 (max digits per word size)
# WORD 32767 + 1 = -32,768
programmer-021	programmer	radix=dec word=word	3 2 7 6 7 add 1 equals	-32,768			src/CalcManager/CEngine/scidisp.cpp:54-76,106-110 (results wrap to the word size) + src/CalcManager/CEngine/scicomm.cpp:1178-1183
# E11: NOT 0 (WORD) -> FFFF
programmer-022	programmer	radix=hex word=word	0 not	FFFF			src/CalcManager/CEngine/scifunc.cpp:38-48 (NOT = x XOR word mask)
# NOT 0 (WORD) in DEC is -1
programmer-023	programmer	radix=dec word=word	0 not	-1			src/CalcManager/CEngine/scifunc.cpp:38-48 (NOT = x XOR word mask); src/CalcManager/CEngine/scicomm.cpp:1161-1193 + src/CalcManager/CEngine/scidisp.cpp:54-76,246-265 (+ BIN pad src/Calculator.ViewModels/StandardCalculatorViewModel.cs:1941-1958)
# NOT F0 (BYTE) = F
programmer-024	programmer	radix=hex word=byte	F 0 not	F			src/CalcManager/CEngine/scifunc.cpp:38-48 (NOT = x XOR word mask)
# NOT 0 (QWORD) in HEX
programmer-025	programmer	radix=hex word=qword	0 not	FFFF FFFF FFFF FFFF			src/CalcManager/CEngine/scifunc.cpp:38-48 (NOT = x XOR word mask)
# E11: AND pair C and A = 8
programmer-026	programmer	radix=hex word=qword	C and A equals	8			src/CalcManager/CEngine/scioper.cpp:19-29 + src/CalcManager/Ratpack/logic.cpp:74-135
# E11: OR pair C or A = E
programmer-027	programmer	radix=hex word=qword	C or A equals	E			src/CalcManager/CEngine/scioper.cpp:19-29 + src/CalcManager/Ratpack/logic.cpp:74-135
# E11: XOR pair C xor A = 6
programmer-028	programmer	radix=hex word=qword	C xor A equals	6			src/CalcManager/CEngine/scioper.cpp:19-29 + src/CalcManager/Ratpack/logic.cpp:74-135
# 12 AND 10 = 8 (DEC)
programmer-029	programmer	radix=dec word=qword	1 2 and 1 0 equals	8			src/CalcManager/CEngine/scioper.cpp:19-29 + src/CalcManager/Ratpack/logic.cpp:74-135
# 12 OR 3 = 15
programmer-030	programmer	radix=dec word=qword	1 2 or 3 equals	15			src/CalcManager/CEngine/scioper.cpp:19-29 + src/CalcManager/Ratpack/logic.cpp:74-135
# 12 XOR 5 = 9
programmer-031	programmer	radix=dec word=qword	1 2 xor 5 equals	9			src/CalcManager/CEngine/scioper.cpp:19-29 + src/CalcManager/Ratpack/logic.cpp:74-135
# AND binds tighter than OR: 1 or 2 and 3 = 3
programmer-032	programmer	radix=dec word=qword	1 or 2 and 3 equals	3			src/CalcManager/CalculatorManager.cpp:183; src/CalcManager/CEngine/scicomm.cpp:274-345 (precedence stack); src/CalcManager/CEngine/scicomm.cpp:31-58 (NPrecedenceOfOp)
# + binds tighter than AND: 5 + 3 and 6 = 0
programmer-033	programmer	radix=dec word=qword	5 add 3 and 6 equals	0			src/CalcManager/CalculatorManager.cpp:183; src/CalcManager/CEngine/scicomm.cpp:274-345 (precedence stack); src/CalcManager/CEngine/scicomm.cpp:31-58 (NPrecedenceOfOp)
# Programmer respects precedence: 2 + 3 x 4 = 14
programmer-034	programmer	radix=dec word=qword	2 add 3 multiply 4 equals	14			src/CalcManager/CalculatorManager.cpp:201 + src/CalcManager/CEngine/scicomm.cpp:274-345
# parentheses in Programmer
programmer-035	programmer	radix=dec word=qword	lparen 2 add 3 rparen multiply 4 equals	20			src/CalcManager/CEngine/scicomm.cpp:556-666 (+ implicit x: :576-581 before '(', :196-227 after ')')
# 7 / 2 truncates to 3
programmer-036	programmer	radix=dec word=qword	7 divide 2 equals	3			src/CalcManager/CEngine/scioper.cpp:94-131 + src/CalcManager/CEngine/scidisp.cpp:106-110 (integer truncation)
# -7 / 2 truncates toward zero to -3
programmer-037	programmer	radix=dec word=qword	7 negate divide 2 equals	-3			src/CalcManager/CEngine/scioper.cpp:94-131 + src/CalcManager/CEngine/scidisp.cpp:106-110 (integer truncation)
# 5 / 2 x 2 = 4 (truncated between operators)
programmer-038	programmer	radix=dec word=qword	5 divide 2 multiply 2 equals	4			src/CalcManager/CEngine/scioper.cpp:94-131 + src/CalcManager/CEngine/scidisp.cpp:106-110 (integer truncation)
# Programmer 1 / 0
programmer-039	programmer	radix=dec word=qword	1 divide 0 equals	Cannot divide by zero			src/CalcManager/Ratpack/rat.cpp:144-148 CALC_E_DIVIDEBYZERO -> src/Calculator/Resources/en-US/CEngineStrings.resw:416-418
# 17 Mod 5
programmer-040	programmer	radix=dec word=qword	1 7 mod 5 equals	2			src/CalcManager/CEngine/scioper.cpp:132-143 + src/CalcManager/Ratpack/logic.cpp:192-222 (remainder, sign of the dividend)
# -17 Mod 5 keeps the dividend's sign
programmer-041	programmer	radix=dec word=qword	1 7 negate mod 5 equals	-2			src/CalcManager/CEngine/scioper.cpp:132-143 + src/CalcManager/Ratpack/logic.cpp:192-222 (remainder, sign of the dividend)
# 5 Mod 0 -> Result is undefined
programmer-042	programmer	radix=dec word=qword	5 mod 0 equals	Result is undefined			src/CalcManager/Ratpack/logic.cpp:192-198 CALC_E_INDEFINITE -> src/Calculator/Resources/en-US/CEngineStrings.resw:128-130
# 1 Lsh 4 = 16
programmer-043	programmer	radix=dec word=qword	1 lsh 4 equals	16			src/CalcManager/CEngine/scioper.cpp:39-80 + src/CalcManager/Ratpack/logic.cpp:20-62
# 1 Lsh 63 sets the sign bit
programmer-044	programmer	radix=dec word=qword	1 lsh 6 3 equals	-9,223,372,036,854,775,808			src/CalcManager/CEngine/scioper.cpp:39-80 + src/CalcManager/Ratpack/logic.cpp:20-62; src/CalcManager/CEngine/scicomm.cpp:1161-1193 + src/CalcManager/CEngine/scidisp.cpp:54-76,246-265 (+ BIN pad src/Calculator.ViewModels/StandardCalculatorViewModel.cs:1941-1958)
# E11 wrote '1 Lsh 64 (QWORD) -> 0'; the source gives Result not defined (shift >= word size)
programmer-045	programmer	radix=dec word=qword	1 lsh 6 4 equals	Result not defined			src/CalcManager/CEngine/scioper.cpp:73-77 CALC_E_NORESULT (src/CalcManager/Ratpack/CalcErr.h:87) -> src/Calculator/Resources/en-US/CEngineStrings.resw:140-142
# BYTE 1 Lsh 7 = -128
programmer-046	programmer	radix=dec word=byte	1 lsh 7 equals	-128			src/CalcManager/CEngine/scioper.cpp:39-80 + src/CalcManager/Ratpack/logic.cpp:20-62; src/CalcManager/CEngine/scidisp.cpp:54-76,106-110 (results wrap to the word size) + src/CalcManager/CEngine/scicomm.cpp:1178-1183
# BYTE 1 Lsh 8 -> Result not defined
programmer-047	programmer	radix=dec word=byte	1 lsh 8 equals	Result not defined			src/CalcManager/CEngine/scioper.cpp:73-77 CALC_E_NORESULT (src/CalcManager/Ratpack/CalcErr.h:87) -> src/Calculator/Resources/en-US/CEngineStrings.resw:140-142
# 16 Rsh 2 = 4
programmer-048	programmer	radix=dec word=qword	1 6 rsh 2 equals	4			src/CalcManager/CEngine/scioper.cpp:39-80 + src/CalcManager/Ratpack/logic.cpp:20-62
# Rsh is arithmetic: -16 Rsh 2 = -4
programmer-049	programmer	radix=dec word=qword	1 6 negate rsh 2 equals	-4			src/CalcManager/CEngine/scioper.cpp:39-80 + src/CalcManager/Ratpack/logic.cpp:20-62
# WORD 8000 Rsh 4 = F800 (sign extended)
programmer-050	programmer	radix=hex word=word	8 0 0 0 rsh 4 equals	F800			src/CalcManager/CEngine/scioper.cpp:39-80 + src/CalcManager/Ratpack/logic.cpp:20-62
# 256 Rsh 64 -> Result not defined
programmer-051	programmer	radix=dec word=qword	2 5 6 rsh 6 4 equals	Result not defined			src/CalcManager/CEngine/scioper.cpp:39-44 CALC_E_NORESULT -> src/Calculator/Resources/en-US/CEngineStrings.resw:140-142
# RoL (inv Lsh) 5 = 10
programmer-052	programmer	radix=dec word=qword	5 inv lsh	10			src/CalcManager/CEngine/scifunc.cpp:50-96 (RoL / RoR by one bit within the word)
# RoL in BYTE carries the top bit round: 81 -> 3
programmer-053	programmer	radix=hex word=byte	8 1 inv lsh	3			src/CalcManager/CEngine/scifunc.cpp:50-96 (RoL / RoR by one bit within the word)
# RoR (inv Rsh) in BYTE: 1 -> 80
programmer-054	programmer	radix=hex word=byte	1 inv rsh	80			src/CalcManager/CEngine/scifunc.cpp:50-96 (RoL / RoR by one bit within the word)
# word size QWORD -> DWORD -> WORD -> BYTE truncates 300 to 44
programmer-055	programmer	radix=dec word=qword	3 0 0 word word word	44			src/CalcManager/CEngine/scicomm.cpp:679-691 + src/CalcManager/CEngine/sciset.cpp:12-51 + src/CalcManager/CEngine/scidisp.cpp:54-76 (two's complement at the word size)
# 65535 in WORD reads -1
programmer-056	programmer	radix=dec word=qword	6 5 5 3 5 word word	-1			src/CalcManager/CEngine/scicomm.cpp:679-691 + src/CalcManager/CEngine/sciset.cpp:12-51 + src/CalcManager/CEngine/scidisp.cpp:54-76 (two's complement at the word size)
# 128 in BYTE reads -128
programmer-057	programmer	radix=dec word=qword	1 2 8 word word word	-128			src/CalcManager/CEngine/scicomm.cpp:679-691 + src/CalcManager/CEngine/sciset.cpp:12-51 + src/CalcManager/CEngine/scidisp.cpp:54-76 (two's complement at the word size)
# BYTE 80 -> QWORD sign-extends
programmer-058	programmer	radix=hex word=byte	8 0 word	FFFF FFFF FFFF FF80			src/CalcManager/CEngine/sciset.cpp:14-31 (sign extension) + src/CalcManager/CEngine/scidisp.cpp:54-76
# the decimal key does nothing in Programmer
programmer-059	programmer	radix=dec word=qword	5 decimal 5	55			src/CalcManager/CEngine/scicomm.cpp:869-875 (integer mode: '.' ignored) + docs/plan/r11/calculator.md 4.14 (disabled key)
# QWORD DEC max 9223372036854775807 + 1
programmer-060	programmer	radix=dec word=qword	9 2 2 3 3 7 2 0 3 6 8 5 4 7 7 5 8 0 7 add 1 equals	-9,223,372,036,854,775,808			src/CalcManager/CEngine/scidisp.cpp:54-76,106-110 (results wrap to the word size) + src/CalcManager/CEngine/scicomm.cpp:1178-1183; src/CalcManager/CEngine/CalcInput.cpp:103-167 + src/CalcManager/CEngine/sciset.cpp:144-164 (max digits per word size)
# backspace in HEX
programmer-061	programmer	radix=hex word=qword	F F backspace	F			src/CalcManager/CEngine/scicomm.cpp:472-484 + src/CalcManager/CEngine/CalcInput.cpp:211-252
# HEX to OCT
programmer-062	programmer	radix=hex word=qword	F F radix_oct	377			src/CalcManager/CEngine/scicomm.cpp:669-677 + src/CalcManager/CEngine/sciset.cpp:12-51
# HEX A + 1 = B
programmer-063	programmer	radix=hex word=qword	A add 1 equals	B			src/CalcManager/CEngine/scidisp.cpp:54-76,106-110 (results wrap to the word size) + src/CalcManager/CEngine/scicomm.cpp:1178-1183
# 64 BIN digits = precision 64: no e-notation switch in Programmer (it needs MORE digits than the precision)
programmer-064	programmer	radix=dec word=qword	1 negate radix_bin	1111 1111 1111 1111 1111 1111 1111 1111 1111 1111 1111 1111 1111 1111 1111 1111			src/CalcManager/Ratpack/conv.cpp:1083-1087 + src/CalcManager/CalculatorManager.h:26; src/CalcManager/CEngine/scicomm.cpp:1161-1193 + src/CalcManager/CEngine/scidisp.cpp:54-76,246-265 (+ BIN pad src/Calculator.ViewModels/StandardCalculatorViewModel.cs:1941-1958)
# ---- converter ----
# Liters -> Milliliters
converter-001	converter	category=Volume from=Liters to=Milliliters	1	1,000			src/CalcManager/UnitConverter.cpp:593-603,865-925 + src/CalcManager/NumberFormattingUtils.cpp:12-68 + src/Calculator.ViewModels/UnitConverterViewModel.cs:1202-1330; src/Calculator.ViewModels/DataLoaders/UnitConverterDataLoader.cs:591 (ratio = from / to factor, :740-757)
# Gallons (US) -> Liters
converter-002	converter	category=Volume from=Gallons (US) to=Liters	1	3.785412			src/CalcManager/UnitConverter.cpp:593-603,865-925 + src/CalcManager/NumberFormattingUtils.cpp:12-68 + src/Calculator.ViewModels/UnitConverterViewModel.cs:1202-1330; src/Calculator.ViewModels/DataLoaders/UnitConverterDataLoader.cs:591 (ratio = from / to factor, :740-757)
# Cups (US) -> Milliliters
converter-003	converter	category=Volume from=Cups (US) to=Milliliters	2	473.1765			src/CalcManager/UnitConverter.cpp:593-603,865-925 + src/CalcManager/NumberFormattingUtils.cpp:12-68 + src/Calculator.ViewModels/UnitConverterViewModel.cs:1202-1330; src/Calculator.ViewModels/DataLoaders/UnitConverterDataLoader.cs:591 (ratio = from / to factor, :740-757)
# E12: 1 mile -> 1.609344 kilometers
converter-004	converter	category=Length from=Miles to=Kilometers	1	1.609344			src/CalcManager/UnitConverter.cpp:593-603,865-925 + src/CalcManager/NumberFormattingUtils.cpp:12-68 + src/Calculator.ViewModels/UnitConverterViewModel.cs:1202-1330; src/Calculator.ViewModels/DataLoaders/UnitConverterDataLoader.cs:551 (ratio = from / to factor, :740-757)
# E26/T15-52: 5 miles is 8.04672 kilometers
converter-005	converter	category=Length from=Miles to=Kilometers	5	8.04672			src/CalcManager/UnitConverter.cpp:593-603,865-925 + src/CalcManager/NumberFormattingUtils.cpp:12-68 + src/Calculator.ViewModels/UnitConverterViewModel.cs:1202-1330; src/Calculator.ViewModels/DataLoaders/UnitConverterDataLoader.cs:551 (ratio = from / to factor, :740-757)
# Inches -> Centimeters
converter-006	converter	category=Length from=Inches to=Centimeters	1 2	30.48			src/CalcManager/UnitConverter.cpp:593-603,865-925 + src/CalcManager/NumberFormattingUtils.cpp:12-68 + src/Calculator.ViewModels/UnitConverterViewModel.cs:1202-1330; src/Calculator.ViewModels/DataLoaders/UnitConverterDataLoader.cs:551 (ratio = from / to factor, :740-757)
# Feet -> Meters
converter-007	converter	category=Length from=Feet to=Meters	3	0.9144			src/CalcManager/UnitConverter.cpp:593-603,865-925 + src/CalcManager/NumberFormattingUtils.cpp:12-68 + src/Calculator.ViewModels/UnitConverterViewModel.cs:1202-1330; src/Calculator.ViewModels/DataLoaders/UnitConverterDataLoader.cs:551 (ratio = from / to factor, :740-757)
# Kilometers -> Miles
converter-008	converter	category=Length from=Kilometers to=Miles	1 0	6.213712			src/CalcManager/UnitConverter.cpp:593-603,865-925 + src/CalcManager/NumberFormattingUtils.cpp:12-68 + src/Calculator.ViewModels/UnitConverterViewModel.cs:1202-1330; src/Calculator.ViewModels/DataLoaders/UnitConverterDataLoader.cs:551 (ratio = from / to factor, :740-757)
# Kilograms -> Pounds
converter-009	converter	category=Weight and Mass from=Kilograms to=Pounds	1	2.204623			src/CalcManager/UnitConverter.cpp:593-603,865-925 + src/CalcManager/NumberFormattingUtils.cpp:12-68 + src/Calculator.ViewModels/UnitConverterViewModel.cs:1202-1330; src/Calculator.ViewModels/DataLoaders/UnitConverterDataLoader.cs:617 (ratio = from / to factor, :740-757)
# Ounces -> Pounds
converter-010	converter	category=Weight and Mass from=Ounces to=Pounds	1 6	1			src/CalcManager/UnitConverter.cpp:593-603,865-925 + src/CalcManager/NumberFormattingUtils.cpp:12-68 + src/Calculator.ViewModels/UnitConverterViewModel.cs:1202-1330; src/Calculator.ViewModels/DataLoaders/UnitConverterDataLoader.cs:617 (ratio = from / to factor, :740-757)
# Stone -> Kilograms
converter-011	converter	category=Weight and Mass from=Stone to=Kilograms	1	6.350293			src/CalcManager/UnitConverter.cpp:593-603,865-925 + src/CalcManager/NumberFormattingUtils.cpp:12-68 + src/Calculator.ViewModels/UnitConverterViewModel.cs:1202-1330; src/Calculator.ViewModels/DataLoaders/UnitConverterDataLoader.cs:617 (ratio = from / to factor, :740-757)
# E12: 100 °C -> 212 °F
converter-012	converter	category=Temperature from=Celsius to=Fahrenheit	1 0 0	212			src/CalcManager/UnitConverter.cpp:593-603,865-925 + src/CalcManager/NumberFormattingUtils.cpp:12-68 + src/Calculator.ViewModels/UnitConverterViewModel.cs:1202-1330; src/Calculator.ViewModels/DataLoaders/UnitConverterDataLoader.cs:669-689 (explicit ratio/offset)
# Fahrenheit -> Celsius
converter-013	converter	category=Temperature from=Fahrenheit to=Celsius	3 2	0			src/CalcManager/UnitConverter.cpp:593-603,865-925 + src/CalcManager/NumberFormattingUtils.cpp:12-68 + src/Calculator.ViewModels/UnitConverterViewModel.cs:1202-1330; src/Calculator.ViewModels/DataLoaders/UnitConverterDataLoader.cs:669-689 (explicit ratio/offset)
# Celsius -> Kelvin
converter-014	converter	category=Temperature from=Celsius to=Kelvin	0	273.15			src/CalcManager/UnitConverter.cpp:593-603,865-925 + src/CalcManager/NumberFormattingUtils.cpp:12-68 + src/Calculator.ViewModels/UnitConverterViewModel.cs:1202-1330; src/Calculator.ViewModels/DataLoaders/UnitConverterDataLoader.cs:669-689 (explicit ratio/offset)
# Fahrenheit -> Celsius
converter-015	converter	category=Temperature from=Fahrenheit to=Celsius	9 8 decimal 6	37			src/CalcManager/UnitConverter.cpp:593-603,865-925 + src/CalcManager/NumberFormattingUtils.cpp:12-68 + src/Calculator.ViewModels/UnitConverterViewModel.cs:1202-1330; src/Calculator.ViewModels/DataLoaders/UnitConverterDataLoader.cs:669-689 (explicit ratio/offset)
# Food calories -> Kilojoules
converter-016	converter	category=Energy from=Food calories to=Kilojoules	1	4.184			src/CalcManager/UnitConverter.cpp:593-603,865-925 + src/CalcManager/NumberFormattingUtils.cpp:12-68 + src/Calculator.ViewModels/UnitConverterViewModel.cs:1202-1330; src/Calculator.ViewModels/DataLoaders/UnitConverterDataLoader.cs:537 (ratio = from / to factor, :740-757)
# Kilowatt-hours -> Joules
converter-017	converter	category=Energy from=Kilowatt-hours to=Joules	1	3,600,000			src/CalcManager/UnitConverter.cpp:593-603,865-925 + src/CalcManager/NumberFormattingUtils.cpp:12-68 + src/Calculator.ViewModels/UnitConverterViewModel.cs:1202-1330; src/Calculator.ViewModels/DataLoaders/UnitConverterDataLoader.cs:537 (ratio = from / to factor, :740-757)
# British thermal units -> Joules
converter-018	converter	category=Energy from=British thermal units to=Joules	2	2,110.112			src/CalcManager/UnitConverter.cpp:593-603,865-925 + src/CalcManager/NumberFormattingUtils.cpp:12-68 + src/Calculator.ViewModels/UnitConverterViewModel.cs:1202-1330; src/Calculator.ViewModels/DataLoaders/UnitConverterDataLoader.cs:537 (ratio = from / to factor, :740-757)
# Acres -> Square meters
converter-019	converter	category=Area from=Acres to=Square meters	1	4,046.856			src/CalcManager/UnitConverter.cpp:593-603,865-925 + src/CalcManager/NumberFormattingUtils.cpp:12-68 + src/Calculator.ViewModels/UnitConverterViewModel.cs:1202-1330; src/Calculator.ViewModels/DataLoaders/UnitConverterDataLoader.cs:478 (ratio = from / to factor, :740-757)
# Hectares -> Acres
converter-020	converter	category=Area from=Hectares to=Acres	1	2.471054			src/CalcManager/UnitConverter.cpp:593-603,865-925 + src/CalcManager/NumberFormattingUtils.cpp:12-68 + src/Calculator.ViewModels/UnitConverterViewModel.cs:1202-1330; src/Calculator.ViewModels/DataLoaders/UnitConverterDataLoader.cs:478 (ratio = from / to factor, :740-757)
# Square miles -> Square kilometers
converter-021	converter	category=Area from=Square miles to=Square kilometers	1	2.589988			src/CalcManager/UnitConverter.cpp:593-603,865-925 + src/CalcManager/NumberFormattingUtils.cpp:12-68 + src/Calculator.ViewModels/UnitConverterViewModel.cs:1202-1330; src/Calculator.ViewModels/DataLoaders/UnitConverterDataLoader.cs:478 (ratio = from / to factor, :740-757)
# Windows' mph factor is 44.7 cm/s
converter-022	converter	category=Speed from=Kilometers per hour to=Miles per hour	1 0 0	62.14268			src/CalcManager/UnitConverter.cpp:593-603,865-925 + src/CalcManager/NumberFormattingUtils.cpp:12-68 + src/Calculator.ViewModels/UnitConverterViewModel.cs:1202-1330; src/Calculator.ViewModels/DataLoaders/UnitConverterDataLoader.cs:638 (ratio = from / to factor, :740-757)
# Meters per second -> Kilometers per hour
converter-023	converter	category=Speed from=Meters per second to=Kilometers per hour	1 0	36			src/CalcManager/UnitConverter.cpp:593-603,865-925 + src/CalcManager/NumberFormattingUtils.cpp:12-68 + src/Calculator.ViewModels/UnitConverterViewModel.cs:1202-1330; src/Calculator.ViewModels/DataLoaders/UnitConverterDataLoader.cs:638 (ratio = from / to factor, :740-757)
# Knots -> Kilometers per hour
converter-024	converter	category=Speed from=Knots to=Kilometers per hour	1	1.85184			src/CalcManager/UnitConverter.cpp:593-603,865-925 + src/CalcManager/NumberFormattingUtils.cpp:12-68 + src/Calculator.ViewModels/UnitConverterViewModel.cs:1202-1330; src/Calculator.ViewModels/DataLoaders/UnitConverterDataLoader.cs:638 (ratio = from / to factor, :740-757)
# Days -> Hours
converter-025	converter	category=Time from=Days to=Hours	1	24			src/CalcManager/UnitConverter.cpp:593-603,865-925 + src/CalcManager/NumberFormattingUtils.cpp:12-68 + src/Calculator.ViewModels/UnitConverterViewModel.cs:1202-1330; src/Calculator.ViewModels/DataLoaders/UnitConverterDataLoader.cs:580 (ratio = from / to factor, :740-757)
# Minutes -> Hours
converter-026	converter	category=Time from=Minutes to=Hours	9 0	1.5			src/CalcManager/UnitConverter.cpp:593-603,865-925 + src/CalcManager/NumberFormattingUtils.cpp:12-68 + src/Calculator.ViewModels/UnitConverterViewModel.cs:1202-1330; src/Calculator.ViewModels/DataLoaders/UnitConverterDataLoader.cs:580 (ratio = from / to factor, :740-757)
# Years -> Days
converter-027	converter	category=Time from=Years to=Days	1	365.25			src/CalcManager/UnitConverter.cpp:593-603,865-925 + src/CalcManager/NumberFormattingUtils.cpp:12-68 + src/Calculator.ViewModels/UnitConverterViewModel.cs:1202-1330; src/Calculator.ViewModels/DataLoaders/UnitConverterDataLoader.cs:580 (ratio = from / to factor, :740-757)
# Horsepower (US) -> Watts
converter-028	converter	category=Power from=Horsepower (US) to=Watts	1	745.6999			src/CalcManager/UnitConverter.cpp:593-603,865-925 + src/CalcManager/NumberFormattingUtils.cpp:12-68 + src/Calculator.ViewModels/UnitConverterViewModel.cs:1202-1330; src/Calculator.ViewModels/DataLoaders/UnitConverterDataLoader.cs:569 (ratio = from / to factor, :740-757)
# Kilowatts -> Watts
converter-029	converter	category=Power from=Kilowatts to=Watts	1	1,000			src/CalcManager/UnitConverter.cpp:593-603,865-925 + src/CalcManager/NumberFormattingUtils.cpp:12-68 + src/Calculator.ViewModels/UnitConverterViewModel.cs:1202-1330; src/Calculator.ViewModels/DataLoaders/UnitConverterDataLoader.cs:569 (ratio = from / to factor, :740-757)
# Watts -> BTUs/minute
converter-030	converter	category=Power from=Watts to=BTUs/minute	1 0 0	5.686902			src/CalcManager/UnitConverter.cpp:593-603,865-925 + src/CalcManager/NumberFormattingUtils.cpp:12-68 + src/Calculator.ViewModels/UnitConverterViewModel.cs:1202-1330; src/Calculator.ViewModels/DataLoaders/UnitConverterDataLoader.cs:569 (ratio = from / to factor, :740-757)
# Gigabytes -> Megabytes
converter-031	converter	category=Data from=Gigabytes to=Megabytes	1	1,000			src/CalcManager/UnitConverter.cpp:593-603,865-925 + src/CalcManager/NumberFormattingUtils.cpp:12-68 + src/Calculator.ViewModels/UnitConverterViewModel.cs:1202-1330; src/Calculator.ViewModels/DataLoaders/UnitConverterDataLoader.cs:496 (ratio = from / to factor, :740-757)
# Gibibytes -> Mebibytes
converter-032	converter	category=Data from=Gibibytes to=Mebibytes	1	1,024			src/CalcManager/UnitConverter.cpp:593-603,865-925 + src/CalcManager/NumberFormattingUtils.cpp:12-68 + src/Calculator.ViewModels/UnitConverterViewModel.cs:1202-1330; src/Calculator.ViewModels/DataLoaders/UnitConverterDataLoader.cs:496 (ratio = from / to factor, :740-757)
# Bytes -> Bits
converter-033	converter	category=Data from=Bytes to=Bits	1	8			src/CalcManager/UnitConverter.cpp:593-603,865-925 + src/CalcManager/NumberFormattingUtils.cpp:12-68 + src/Calculator.ViewModels/UnitConverterViewModel.cs:1202-1330; src/Calculator.ViewModels/DataLoaders/UnitConverterDataLoader.cs:496 (ratio = from / to factor, :740-757)
# Megabits -> Kilobytes
converter-034	converter	category=Data from=Megabits to=Kilobytes	1	125			src/CalcManager/UnitConverter.cpp:593-603,865-925 + src/CalcManager/NumberFormattingUtils.cpp:12-68 + src/Calculator.ViewModels/UnitConverterViewModel.cs:1202-1330; src/Calculator.ViewModels/DataLoaders/UnitConverterDataLoader.cs:496 (ratio = from / to factor, :740-757)
# Atmospheres -> Bars
converter-035	converter	category=Pressure from=Atmospheres to=Bars	1	1.01325			src/CalcManager/UnitConverter.cpp:593-603,865-925 + src/CalcManager/NumberFormattingUtils.cpp:12-68 + src/Calculator.ViewModels/UnitConverterViewModel.cs:1202-1330; src/Calculator.ViewModels/DataLoaders/UnitConverterDataLoader.cs:657 (ratio = from / to factor, :740-757)
# Atmospheres -> Pounds per square inch
converter-036	converter	category=Pressure from=Atmospheres to=Pounds per square inch	1	14.69595			src/CalcManager/UnitConverter.cpp:593-603,865-925 + src/CalcManager/NumberFormattingUtils.cpp:12-68 + src/Calculator.ViewModels/UnitConverterViewModel.cs:1202-1330; src/Calculator.ViewModels/DataLoaders/UnitConverterDataLoader.cs:657 (ratio = from / to factor, :740-757)
# Bars -> Kilopascals
converter-037	converter	category=Pressure from=Bars to=Kilopascals	1	100			src/CalcManager/UnitConverter.cpp:593-603,865-925 + src/CalcManager/NumberFormattingUtils.cpp:12-68 + src/Calculator.ViewModels/UnitConverterViewModel.cs:1202-1330; src/Calculator.ViewModels/DataLoaders/UnitConverterDataLoader.cs:657 (ratio = from / to factor, :740-757)
# Degrees -> Radians
converter-038	converter	category=Angle from=Degrees to=Radians	1 8 0	3.141593			src/CalcManager/UnitConverter.cpp:593-603,865-925 + src/CalcManager/NumberFormattingUtils.cpp:12-68 + src/Calculator.ViewModels/UnitConverterViewModel.cs:1202-1330; src/Calculator.ViewModels/DataLoaders/UnitConverterDataLoader.cs:651 (ratio = from / to factor, :740-757)
# Gradians -> Degrees
converter-039	converter	category=Angle from=Gradians to=Degrees	1 0 0	90			src/CalcManager/UnitConverter.cpp:593-603,865-925 + src/CalcManager/NumberFormattingUtils.cpp:12-68 + src/Calculator.ViewModels/UnitConverterViewModel.cs:1202-1330; src/Calculator.ViewModels/DataLoaders/UnitConverterDataLoader.cs:651 (ratio = from / to factor, :740-757)
# Radians -> Degrees
converter-040	converter	category=Angle from=Radians to=Degrees	1	57.29578			src/CalcManager/UnitConverter.cpp:593-603,865-925 + src/CalcManager/NumberFormattingUtils.cpp:12-68 + src/Calculator.ViewModels/UnitConverterViewModel.cs:1202-1330; src/Calculator.ViewModels/DataLoaders/UnitConverterDataLoader.cs:651 (ratio = from / to factor, :740-757)
# ---- date ----
# across the leap day 2024-02-29
date-001	date	op=difference	from=2024-02-28 to=2024-03-01	2 days			src/Calculator.ViewModels/Common/DateCalculator.cs:133-233 + src/Calculator.ViewModels/DateCalculatorViewModel.cs:229-332 + src/Calculator/Resources/en-US/Resources.resw:2963-2987
# the same span in a common year
date-002	date	op=difference	from=2023-02-28 to=2023-03-01	1 day			src/Calculator.ViewModels/Common/DateCalculator.cs:133-233 + src/Calculator.ViewModels/DateCalculatorViewModel.cs:229-332 + src/Calculator/Resources/en-US/Resources.resw:2963-2987
# two months across a leap February
date-003	date	op=difference	from=2024-01-15 to=2024-03-15	2 months | 60 days			src/Calculator.ViewModels/Common/DateCalculator.cs:133-233 + src/Calculator.ViewModels/DateCalculatorViewModel.cs:229-332 + src/Calculator/Resources/en-US/Resources.resw:2963-2987
# month end: Jan 31 + 1 month clamps to Feb 29
date-004	date	op=difference	from=2024-01-31 to=2024-02-29	1 month | 29 days			src/Calculator.ViewModels/Common/DateCalculator.cs:133-233 + src/Calculator.ViewModels/DateCalculatorViewModel.cs:229-332 + src/Calculator/Resources/en-US/Resources.resw:2963-2987
# repo test: 1 month, 2 days (src/Calculator.Tests/DateCalculatorTests.cs:381-397)
date-005	date	op=difference	from=2008-02-29 to=2008-03-31	1 month, 2 days | 31 days			src/Calculator.ViewModels/Common/DateCalculator.cs:133-233 + src/Calculator.ViewModels/DateCalculatorViewModel.cs:229-332 + src/Calculator/Resources/en-US/Resources.resw:2963-2987
# across the year end: weeks
date-006	date	op=difference	from=2023-12-25 to=2024-01-08	2 weeks | 14 days			src/Calculator.ViewModels/Common/DateCalculator.cs:133-233 + src/Calculator.ViewModels/DateCalculatorViewModel.cs:229-332 + src/Calculator/Resources/en-US/Resources.resw:2963-2987
# one day across the year end
date-007	date	op=difference	from=2023-12-31 to=2024-01-01	1 day			src/Calculator.ViewModels/Common/DateCalculator.cs:133-233 + src/Calculator.ViewModels/DateCalculatorViewModel.cs:229-332 + src/Calculator/Resources/en-US/Resources.resw:2963-2987
# one year containing a leap day
date-008	date	op=difference	from=2023-06-15 to=2024-06-15	1 year | 366 days			src/Calculator.ViewModels/Common/DateCalculator.cs:133-233 + src/Calculator.ViewModels/DateCalculatorViewModel.cs:229-332 + src/Calculator/Resources/en-US/Resources.resw:2963-2987
# Feb 29 + 1 year clamps to Feb 28
date-009	date	op=difference	from=2020-02-29 to=2021-02-28	1 year | 365 days			src/Calculator.ViewModels/Common/DateCalculator.cs:133-233 + src/Calculator.ViewModels/DateCalculatorViewModel.cs:229-332 + src/Calculator/Resources/en-US/Resources.resw:2963-2987
# same dates
date-010	date	op=difference	from=2024-05-05 to=2024-05-05	Same dates			src/Calculator.ViewModels/Common/DateCalculator.cs:133-233 + src/Calculator.ViewModels/DateCalculatorViewModel.cs:229-332 + src/Calculator/Resources/en-US/Resources.resw:2963-2987
# order does not matter (src/Calculator.Tests/DateCalculatorTests.cs:514-534)
date-011	date	op=difference	from=2008-03-10 to=2007-05-10	10 months | 305 days			src/Calculator.ViewModels/Common/DateCalculator.cs:133-233 + src/Calculator.ViewModels/DateCalculatorViewModel.cs:229-332 + src/Calculator/Resources/en-US/Resources.resw:2963-2987
# years, months, weeks and days
date-012	date	op=difference	from=2019-01-01 to=2024-09-23	5 years, 8 months, 3 weeks, 1 day | 2092 days			src/Calculator.ViewModels/Common/DateCalculator.cs:133-233 + src/Calculator.ViewModels/DateCalculatorViewModel.cs:229-332 + src/Calculator/Resources/en-US/Resources.resw:2963-2987
# month-end clamp into a leap February
date-013	date	op=add	from=2024-01-31 years=0 months=1 days=0	Thursday, February 29, 2024			src/Calculator.ViewModels/Common/DateCalculator.cs:73-131 + src/Calculator.Tests/DateCalculatorTests.cs:44-104 (month-end clamp) + src/Calculator.ViewModels/DateCalculatorViewModel.cs:292-297 (longdate)
# month-end clamp into a common February
date-014	date	op=add	from=2023-01-31 years=0 months=1 days=0	Tuesday, February 28, 2023			src/Calculator.ViewModels/Common/DateCalculator.cs:73-131 + src/Calculator.Tests/DateCalculatorTests.cs:44-104 (month-end clamp) + src/Calculator.ViewModels/DateCalculatorViewModel.cs:292-297 (longdate)
# leap day + 1 year
date-015	date	op=add	from=2024-02-29 years=1 months=0 days=0	Friday, February 28, 2025			src/Calculator.ViewModels/Common/DateCalculator.cs:73-131 + src/Calculator.Tests/DateCalculatorTests.cs:44-104 (month-end clamp) + src/Calculator.ViewModels/DateCalculatorViewModel.cs:292-297 (longdate)
# 2 weeks, entered as 14 days (the UI has no weeks input)
date-016	date	op=add	from=2024-12-25 years=0 months=0 days=14	Wednesday, January 8, 2025			src/Calculator.ViewModels/Common/DateCalculator.cs:73-131 + src/Calculator.Tests/DateCalculatorTests.cs:44-104 (month-end clamp) + src/Calculator.ViewModels/DateCalculatorViewModel.cs:292-297 (longdate)
# years, then months, then days
date-017	date	op=add	from=2024-01-31 years=1 months=1 days=1	Saturday, March 1, 2025			src/Calculator.ViewModels/Common/DateCalculator.cs:73-131 + src/Calculator.Tests/DateCalculatorTests.cs:44-104 (month-end clamp) + src/Calculator.ViewModels/DateCalculatorViewModel.cs:292-297 (longdate)
# across the year end
date-018	date	op=add	from=2023-12-31 years=0 months=0 days=1	Monday, January 1, 2024			src/Calculator.ViewModels/Common/DateCalculator.cs:73-131 + src/Calculator.Tests/DateCalculatorTests.cs:44-104 (month-end clamp) + src/Calculator.ViewModels/DateCalculatorViewModel.cs:292-297 (longdate)
# month-end clamp back into February
date-019	date	op=subtract	from=2024-03-31 years=0 months=1 days=0	Thursday, February 29, 2024			src/Calculator.ViewModels/Common/DateCalculator.cs:73-131 + src/Calculator.Tests/DateCalculatorTests.cs:44-104 (month-end clamp) + src/Calculator.ViewModels/DateCalculatorViewModel.cs:292-297 (longdate)
# days first, then months (repo test pattern)
date-020	date	op=subtract	from=2024-03-10 years=0 months=1 days=10	Monday, January 29, 2024			src/Calculator.ViewModels/Common/DateCalculator.cs:73-131 + src/Calculator.Tests/DateCalculatorTests.cs:44-104 (month-end clamp) + src/Calculator.ViewModels/DateCalculatorViewModel.cs:292-297 (longdate)
# days, then months, then years
date-021	date	op=subtract	from=2025-03-01 years=1 months=1 days=1	Sunday, January 28, 2024			src/Calculator.ViewModels/Common/DateCalculator.cs:73-131 + src/Calculator.Tests/DateCalculatorTests.cs:44-104 (month-end clamp) + src/Calculator.ViewModels/DateCalculatorViewModel.cs:292-297 (longdate)
# 2 weeks back across the year end
date-022	date	op=subtract	from=2024-01-01 years=0 months=0 days=14	Monday, December 18, 2023			src/Calculator.ViewModels/Common/DateCalculator.cs:73-131 + src/Calculator.Tests/DateCalculatorTests.cs:44-104 (month-end clamp) + src/Calculator.ViewModels/DateCalculatorViewModel.cs:292-297 (longdate)
# ---- tess ----
# what is fifteen percent of eighty
tess-001	tess			12	what is fifteen percent of eighty	15 % of 80 is 12.	docs/plan/phase-15-inbox-clock-calculator-recorder.md:436-452 (T15-2) + docs/plan/review/2026-09-23-phase15-r3-triage.md:62 (T15-52); engine: src/CalcManager/CalculatorManager.cpp:183 (Scientific precedence, precision 32)
# what is one divided by zero
tess-002	tess			Cannot divide by zero	what is one divided by zero	Cannot divide by zero.	docs/plan/phase-15-inbox-clock-calculator-recorder.md:436-452 (T15-2) + docs/plan/review/2026-09-23-phase15-r3-triage.md:62 (T15-52); engine: src/CalcManager/CalculatorManager.cpp:183 (Scientific precedence, precision 32)
# what is five miles in kilometers
tess-003	tess			8.04672	what is five miles in kilometers	5 miles is 8.04672 kilometers.	docs/plan/phase-15-inbox-clock-calculator-recorder.md:436-452 (T15-2) + docs/plan/review/2026-09-23-phase15-r3-triage.md:62 (T15-52); engine: src/CalcManager/CalculatorManager.cpp:183 (Scientific precedence, precision 32); src/CalcManager/UnitConverter.cpp:593-603,865-925 + src/CalcManager/NumberFormattingUtils.cpp:12-68 + src/Calculator.ViewModels/UnitConverterViewModel.cs:1202-1330
# what is five miles in kilometres
tess-004	tess			8.04672	what is five miles in kilometres	5 miles is 8.04672 kilometers.	docs/plan/phase-15-inbox-clock-calculator-recorder.md:436-452 (T15-2) + docs/plan/review/2026-09-23-phase15-r3-triage.md:62 (T15-52); engine: src/CalcManager/CalculatorManager.cpp:183 (Scientific precedence, precision 32); src/CalcManager/UnitConverter.cpp:593-603,865-925 + src/CalcManager/NumberFormattingUtils.cpp:12-68 + src/Calculator.ViewModels/UnitConverterViewModel.cs:1202-1330
# what is the square root of eighty one
tess-005	tess			9	what is the square root of eighty one	√81 is 9.	docs/plan/phase-15-inbox-clock-calculator-recorder.md:436-452 (T15-2) + docs/plan/review/2026-09-23-phase15-r3-triage.md:62 (T15-52); engine: src/CalcManager/CalculatorManager.cpp:183 (Scientific precedence, precision 32)
# what is 2 plus 2
tess-006	tess			4	what is 2 plus 2	2 plus 2 is 4.	docs/plan/phase-15-inbox-clock-calculator-recorder.md:436-452 (T15-2) + docs/plan/review/2026-09-23-phase15-r3-triage.md:62 (T15-52); engine: src/CalcManager/CalculatorManager.cpp:183 (Scientific precedence, precision 32)
# what is 2 plus 3 times 4
tess-007	tess			14	what is 2 plus 3 times 4	2 plus 3 times 4 is 14.	docs/plan/phase-15-inbox-clock-calculator-recorder.md:436-452 (T15-2) + docs/plan/review/2026-09-23-phase15-r3-triage.md:62 (T15-52); engine: src/CalcManager/CalculatorManager.cpp:183 (Scientific precedence, precision 32)
# what is point five times four
tess-008	tess			2	what is point five times four	0.5 times 4 is 2.	docs/plan/phase-15-inbox-clock-calculator-recorder.md:436-452 (T15-2) + docs/plan/review/2026-09-23-phase15-r3-triage.md:62 (T15-52); engine: src/CalcManager/CalculatorManager.cpp:183 (Scientific precedence, precision 32)
# what is negative three times four
tess-009	tess			-12	what is negative three times four	-3 times 4 is -12.	docs/plan/phase-15-inbox-clock-calculator-recorder.md:436-452 (T15-2) + docs/plan/review/2026-09-23-phase15-r3-triage.md:62 (T15-52); engine: src/CalcManager/CalculatorManager.cpp:183 (Scientific precedence, precision 32)
# what is 10 to the power of 10000
tess-010	tess			Overflow	what is 10 to the power of 10000	Overflow.	docs/plan/phase-15-inbox-clock-calculator-recorder.md:436-452 (T15-2) + docs/plan/review/2026-09-23-phase15-r3-triage.md:62 (T15-52); engine: src/CalcManager/CalculatorManager.cpp:183 (Scientific precedence, precision 32)
# what is 2 to the power of 200
tess-011	tess			1.6069380442589902755419620923412e+60	what is 2 to the power of 200	2 to the power of 200 is 1.6069380442589902755419620923412e+60.	docs/plan/phase-15-inbox-clock-calculator-recorder.md:436-452 (T15-2) + docs/plan/review/2026-09-23-phase15-r3-triage.md:62 (T15-52); engine: src/CalcManager/CalculatorManager.cpp:183 (Scientific precedence, precision 32)
# what is 10 minus 25
tess-012	tess			-15	what is 10 minus 25	10 minus 25 is -15.	docs/plan/phase-15-inbox-clock-calculator-recorder.md:436-452 (T15-2) + docs/plan/review/2026-09-23-phase15-r3-triage.md:62 (T15-52); engine: src/CalcManager/CalculatorManager.cpp:183 (Scientific precedence, precision 32)
# what is 1 divided by 3
tess-013	tess			0.33333333333333333333333333333333	what is 1 divided by 3	1 divided by 3 is 0.33333333333333333333333333333333.	docs/plan/phase-15-inbox-clock-calculator-recorder.md:436-452 (T15-2) + docs/plan/review/2026-09-23-phase15-r3-triage.md:62 (T15-52); engine: src/CalcManager/CalculatorManager.cpp:183 (Scientific precedence, precision 32)
# calculate 7 times 6
tess-014	tess			42	calculate 7 times 6	7 times 6 is 42.	docs/plan/phase-15-inbox-clock-calculator-recorder.md:436-452 (T15-2) + docs/plan/review/2026-09-23-phase15-r3-triage.md:62 (T15-52); engine: src/CalcManager/CalculatorManager.cpp:183 (Scientific precedence, precision 32)
# how much is 100 divided by 8
tess-015	tess			12.5	how much is 100 divided by 8	100 divided by 8 is 12.5.	docs/plan/phase-15-inbox-clock-calculator-recorder.md:436-452 (T15-2) + docs/plan/review/2026-09-23-phase15-r3-triage.md:62 (T15-52); engine: src/CalcManager/CalculatorManager.cpp:183 (Scientific precedence, precision 32)
# what is 25 times 40
tess-016	tess			1,000	what is 25 times 40	25 times 40 is 1,000.	docs/plan/phase-15-inbox-clock-calculator-recorder.md:436-452 (T15-2) + docs/plan/review/2026-09-23-phase15-r3-triage.md:62 (T15-52); engine: src/CalcManager/CalculatorManager.cpp:183 (Scientific precedence, precision 32)
# what is the square root of two
tess-017	tess			1.4142135623730950488016887242097	what is the square root of two	√2 is 1.4142135623730950488016887242097.	docs/plan/phase-15-inbox-clock-calculator-recorder.md:436-452 (T15-2) + docs/plan/review/2026-09-23-phase15-r3-triage.md:62 (T15-52); engine: src/CalcManager/CalculatorManager.cpp:183 (Scientific precedence, precision 32)
# what is zero divided by zero
tess-018	tess			Result is undefined	what is zero divided by zero	Result is undefined.	docs/plan/phase-15-inbox-clock-calculator-recorder.md:436-452 (T15-2) + docs/plan/review/2026-09-23-phase15-r3-triage.md:62 (T15-52); engine: src/CalcManager/CalculatorManager.cpp:183 (Scientific precedence, precision 32)
# what is 3 feet in meters
tess-019	tess			0.9144	what is 3 feet in meters	3 feet is 0.9144 meters.	docs/plan/phase-15-inbox-clock-calculator-recorder.md:436-452 (T15-2) + docs/plan/review/2026-09-23-phase15-r3-triage.md:62 (T15-52); engine: src/CalcManager/CalculatorManager.cpp:183 (Scientific precedence, precision 32); src/CalcManager/UnitConverter.cpp:593-603,865-925 + src/CalcManager/NumberFormattingUtils.cpp:12-68 + src/Calculator.ViewModels/UnitConverterViewModel.cs:1202-1330
