P1-dropdown-to-the-busy-month	16	5	4	3	16ms	48ms	65ms	66.7	input 0.0 + animation 4.8 + traversal 0.0 + draw 46.5 (UI thread) | sync 0.0 + issue 0.8 + swap 14.3 (render thread); frame 1 of 16
P2-agenda-busy-month-first-day	9	1	1	0	16ms	32ms	32ms	33.4	input 0.0 + animation 16.2 + traversal 0.1 + draw 11.1 (UI thread) | sync 0.1 + issue 1.5 + swap 4.1 (render thread); frame 1 of 9
P3-dropdown-to-the-200-event-day	22	3	2	1	16ms	16ms	65ms	66.7	input 0.0 + animation 4.3 + traversal 0.0 + draw 47.3 (UI thread) | sync 0.1 + issue 0.7 + swap 13.6 (render thread); frame 1 of 22
P4-week-busiest	16	3	1	1	16ms	16ms	48ms	50.1	input 0.0 + animation 7.8 + traversal 0.0 + draw 35.6 (UI thread) | sync 0.0 + issue 1.8 + swap 4.7 (render thread); frame 16 of 16
P5-swipe-01	30	3	1	2	16ms	32ms	48ms	41.5	input 0.5 + animation 6.4 + traversal 0.0 + draw 0.2 (UI thread) | sync 0.0 + issue 1.4 + swap 9.9 (render thread); frame 1 of 29
P5-swipe-02	30	3	1	2	16ms	32ms	36ms	37.3	input 0.7 + animation 5.4 + traversal 0.0 + draw 27.5 (UI thread) | sync 0.0 + issue 0.5 + swap 3.1 (render thread); frame 1 of 30
P5-swipe-03	30	4	2	2	19ms	32ms	34ms	36.0	input 0.4 + animation 1.5 + traversal 0.0 + draw 0.4 (UI thread) | sync 0.0 + issue 0.2 + swap 18.7 (render thread); frame 2 of 30
P5-swipe-04	31	2	1	1	16ms	16ms	32ms	33.4	input 0.6 + animation 4.8 + traversal 0.0 + draw 25.6 (UI thread) | sync 0.0 + issue 0.4 + swap 2.0 (render thread); frame 1 of 31
P5-swipe-05	31	3	1	2	16ms	19ms	32ms	33.4	input 0.4 + animation 1.8 + traversal 0.0 + draw 0.2 (UI thread) | sync 0.0 + issue 0.3 + swap 30.6 (render thread); frame 15 of 31
P5-swipe-06	30	3	2	2	16ms	16ms	32ms	33.4	input 0.7 + animation 1.3 + traversal 0.0 + draw 0.1 (UI thread) | sync 0.0 + issue 0.3 + swap 19.0 (render thread); frame 2 of 30
P5-swipe-07	31	4	3	3	16ms	16ms	32ms	33.4	input 0.4 + animation 1.1 + traversal 0.0 + draw 0.1 (UI thread) | sync 0.0 + issue 0.2 + swap 19.4 (render thread); frame 2 of 31
P5-swipe-08	31	3	1	2	16ms	19ms	32ms	33.4	input 0.7 + animation 1.0 + traversal 0.0 + draw 0.1 (UI thread) | sync 0.0 + issue 0.3 + swap 31.1 (render thread); frame 15 of 31
P5-swipe-09	33	4	1	3	16ms	19ms	32ms	33.4	input 0.3 + animation 0.9 + traversal 0.0 + draw 0.1 (UI thread) | sync 0.0 + issue 0.5 + swap 31.5 (render thread); frame 16 of 33
P5-swipe-10	31	3	1	2	16ms	18ms	32ms	33.4	input 0.4 + animation 1.0 + traversal 0.0 + draw 0.1 (UI thread) | sync 0.0 + issue 0.3 + swap 31.5 (render thread); frame 15 of 31
P5-swipe-11	31	3	1	2	16ms	19ms	32ms	33.4	input 0.5 + animation 1.1 + traversal 0.0 + draw 0.1 (UI thread) | sync 0.0 + issue 0.3 + swap 31.2 (render thread); frame 15 of 31
P5-swipe-12	31	3	1	2	16ms	19ms	32ms	33.4	input 0.3 + animation 0.9 + traversal 0.0 + draw 0.1 (UI thread) | sync 0.0 + issue 0.3 + swap 31.7 (render thread); frame 15 of 31
