P1-dropdown-to-the-busy-month	15	4	4	3	16ms	48ms	65ms	66.7	input 0.0 + animation 6.9 + traversal 0.0 + draw 43.7 (UI thread) | sync 0.0 + issue 0.6 + swap 15.3 (render thread); frame 1 of 15
P2-agenda-busy-month-first-day	3	3	2	2	48ms	48ms	48ms	50.1	input 0.0 + animation 1.3 + traversal 0.0 + draw 0.0 (UI thread) | sync 0.0 + issue 0.2 + swap 26.2 (render thread); frame 3 of 3
P3-dropdown-to-the-200-event-day	16	5	3	1	16ms	48ms	48ms	50.1	input 0.0 + animation 6.8 + traversal 0.1 + draw 38.9 (UI thread) | sync 0.1 + issue 0.9 + swap 3.2 (render thread); frame 1 of 16
P4-week-busiest	18	5	2	2	16ms	32ms	48ms	50.1	input 0.0 + animation 10.8 + traversal 0.0 + draw 34.5 (UI thread) | sync 0.0 + issue 1.1 + swap 3.5 (render thread); frame 16 of 18
P5-swipe-01	31	5	3	3	19ms	32ms	44ms	44.3	input 0.8 + animation 9.4 + traversal 0.0 + draw 25.4 (UI thread) | sync 0.0 + issue 0.8 + swap 7.5 (render thread); frame 1 of 31
P5-swipe-02	31	3	2	2	16ms	16ms	32ms	33.4	input 0.0 + animation 12.6 + traversal 0.0 + draw 3.8 (UI thread) | sync 0.0 + issue 0.7 + swap 16.0 (render thread); frame 30 of 31
P5-swipe-03	33	5	3	2	18ms	30ms	32ms	33.4	input 0.0 + animation 10.5 + traversal 0.0 + draw 13.9 (UI thread) | sync 0.0 + issue 1.5 + swap 7.3 (render thread); frame 32 of 33
P5-swipe-04	32	4	2	2	18ms	20ms	32ms	33.4	input 0.4 + animation 1.2 + traversal 0.0 + draw 0.1 (UI thread) | sync 0.0 + issue 0.2 + swap 31.3 (render thread); frame 15 of 32
P5-swipe-05	31	4	3	2	16ms	16ms	32ms	33.4	input 0.5 + animation 1.4 + traversal 0.0 + draw 0.1 (UI thread) | sync 0.0 + issue 0.3 + swap 18.0 (render thread); frame 2 of 31
P5-swipe-06	32	3	1	2	16ms	20ms	32ms	33.4	input 0.4 + animation 1.1 + traversal 0.0 + draw 0.2 (UI thread) | sync 0.0 + issue 0.2 + swap 31.3 (render thread); frame 15 of 32
P5-swipe-07	32	4	2	2	18ms	19ms	32ms	33.4	input 0.0 + animation 10.0 + traversal 0.1 + draw 12.8 (UI thread) | sync 0.1 + issue 1.3 + swap 9.0 (render thread); frame 31 of 32
P5-swipe-08	32	4	2	3	18ms	19ms	32ms	33.4	input 0.0 + animation 9.9 + traversal 0.0 + draw 9.1 (UI thread) | sync 0.0 + issue 0.4 + swap 13.8 (render thread); frame 32 of 32
P5-swipe-09	32	4	2	3	18ms	20ms	32ms	33.4	input 0.0 + animation 9.1 + traversal 0.0 + draw 8.9 (UI thread) | sync 0.0 + issue 0.4 + swap 14.8 (render thread); frame 32 of 32
P5-swipe-10	32	4	2	3	18ms	19ms	32ms	33.4	input 0.0 + animation 9.6 + traversal 0.0 + draw 9.4 (UI thread) | sync 0.0 + issue 0.3 + swap 13.9 (render thread); frame 32 of 32
P5-swipe-11	32	4	2	2	16ms	20ms	32ms	33.4	input 0.4 + animation 0.9 + traversal 0.0 + draw 0.1 (UI thread) | sync 0.0 + issue 0.4 + swap 31.4 (render thread); frame 15 of 32
P5-swipe-12	32	4	2	3	18ms	19ms	32ms	33.4	input 0.0 + animation 9.6 + traversal 0.0 + draw 9.3 (UI thread) | sync 0.0 + issue 0.4 + swap 13.9 (render thread); frame 32 of 32
