# Derived from E7-baseline-empty-calendar-on-2150eba0-48-of-432-janky-11.11-percent/P*.framestats.txt (build 2150eba004db6757, a QA calendar holding NO events) after the run, by reading each frame's
# columns: total = FrameCompleted - IntendedVsync; LATE = FrameCompleted > FrameDeadline; input/anim/traversal/draw are UI-thread stages, sync/issue_cmds/swap the render thread's. ms.
leg	frame	of	late	total_ms	input	anim	traversal	draw	sync	issue_cmds	swap	flags
P1-dropdown-to-the-busy-month	1	15	LATE	66.8	0.0	5.0	0.0	46.7	0.0	0.7	14.1	0
P1-dropdown-to-the-busy-month	2	15	LATE	16.8	0.0	4.9	0.0	5.4	0.0	2.8	3.5	0
P1-dropdown-to-the-busy-month	3	15		16.8	0.0	4.7	0.0	5.1	0.0	0.3	6.5	0
P1-dropdown-to-the-busy-month	4	15		16.7	0.0	4.6	0.0	4.9	0.0	0.3	6.7	0
P1-dropdown-to-the-busy-month	5	15		16.8	0.0	4.0	0.0	4.7	0.0	0.3	7.5	0
P1-dropdown-to-the-busy-month	6	15		16.8	0.0	4.2	0.0	4.8	0.0	1.3	6.2	0
P1-dropdown-to-the-busy-month	7	15		16.7	0.0	4.2	0.0	5.0	0.0	0.3	7.0	0
P1-dropdown-to-the-busy-month	8	15		16.7	0.0	3.9	0.0	4.7	0.0	0.4	7.4	0
P1-dropdown-to-the-busy-month	9	15		16.7	0.0	4.1	0.0	4.5	0.0	0.4	7.6	0
P1-dropdown-to-the-busy-month	10	15		16.7	0.0	4.0	0.0	4.4	0.0	0.3	7.9	0
P1-dropdown-to-the-busy-month	11	15		16.8	0.0	3.8	0.0	4.3	0.0	0.4	8.1	0
P1-dropdown-to-the-busy-month	12	15		16.8	0.0	4.6	0.0	5.1	0.0	0.5	6.3	0
P1-dropdown-to-the-busy-month	13	15		16.8	0.0	4.2	0.0	0.9	0.0	0.3	11.0	0
P1-dropdown-to-the-busy-month	14	15	LATE	50.1	0.0	13.9	0.0	18.1	0.0	1.2	16.8	0
P1-dropdown-to-the-busy-month	15	15	LATE	33.4	0.0	13.6	0.0	16.8	0.0	1.3	1.6	0
P2-agenda-busy-month-first-day	1	10	LATE	33.4	0.0	17.0	0.1	12.0	0.1	2.1	1.9	0
P2-agenda-busy-month-first-day	2	10	LATE	16.8	0.0	2.3	0.0	2.2	0.0	0.2	11.9	0
P2-agenda-busy-month-first-day	3	10		16.8	0.0	3.1	0.0	0.9	0.0	0.2	12.4	0
P2-agenda-busy-month-first-day	4	10		16.7	0.0	2.1	0.0	2.3	0.0	0.2	11.9	0
P2-agenda-busy-month-first-day	5	10		16.7	0.0	2.8	0.0	0.9	0.0	0.2	12.6	0
P2-agenda-busy-month-first-day	6	10		16.8	0.0	2.1	0.0	1.9	0.0	0.2	12.4	0
P2-agenda-busy-month-first-day	7	10		16.7	0.0	3.0	0.0	0.9	0.0	0.3	12.3	0
P2-agenda-busy-month-first-day	8	10		16.7	0.0	2.2	0.0	2.0	0.0	0.2	12.1	0
P2-agenda-busy-month-first-day	9	10		16.7	0.0	0.4	0.0	0.1	0.0	0.2	15.9	0
P2-agenda-busy-month-first-day	10	10	LATE	16.8	0.0	1.1	0.0	1.8	0.0	0.3	13.4	0
P3-dropdown-to-the-200-event-day	1	22	LATE	50.1	0.0	4.2	0.0	39.0	0.1	1.1	5.5	0
P3-dropdown-to-the-200-event-day	2	22	LATE	16.7	0.0	3.0	0.0	4.3	0.0	0.3	9.0	0
P3-dropdown-to-the-200-event-day	3	22		16.8	0.0	2.9	0.0	4.0	0.0	0.3	9.4	0
P3-dropdown-to-the-200-event-day	4	22		16.7	0.0	3.1	0.0	4.0	0.0	0.4	9.0	0
P3-dropdown-to-the-200-event-day	5	22		16.8	0.0	2.9	0.0	4.4	0.0	0.5	8.8	0
P3-dropdown-to-the-200-event-day	6	22		16.7	0.0	3.7	0.0	4.3	0.0	0.4	8.0	0
P3-dropdown-to-the-200-event-day	7	22		16.8	0.0	2.7	0.0	4.0	0.0	0.3	9.5	0
P3-dropdown-to-the-200-event-day	8	22		16.7	0.0	3.2	0.0	4.2	0.0	0.4	8.7	0
P3-dropdown-to-the-200-event-day	9	22		16.8	0.0	3.1	0.0	4.2	0.0	0.3	8.9	0
P3-dropdown-to-the-200-event-day	10	22		16.8	0.0	3.2	0.0	4.2	0.0	0.4	8.7	0
P3-dropdown-to-the-200-event-day	11	22		16.8	0.0	3.3	0.0	4.1	0.0	0.4	8.6	0
P3-dropdown-to-the-200-event-day	12	22		8.9	0.0	3.4	0.0	4.1	0.0	0.5	0.7	0
P3-dropdown-to-the-200-event-day	13	22		16.8	0.0	3.1	0.0	0.6	0.0	0.6	12.2	0
P3-dropdown-to-the-200-event-day	14	22	LATE	33.5	0.0	17.1	0.0	11.4	0.0	1.1	3.6	0
P3-dropdown-to-the-200-event-day	15	22		16.7	0.0	2.4	0.0	2.2	0.0	0.2	11.6	0
P3-dropdown-to-the-200-event-day	16	22		16.7	0.0	2.6	0.0	0.8	0.0	0.2	12.9	0
P3-dropdown-to-the-200-event-day	17	22		16.8	0.0	2.1	0.0	2.1	0.0	0.2	12.2	0
P3-dropdown-to-the-200-event-day	18	22		16.8	0.0	3.3	0.0	1.1	0.0	0.3	11.9	0
P3-dropdown-to-the-200-event-day	19	22		16.7	0.0	2.7	0.0	2.5	0.0	0.3	11.0	0
P3-dropdown-to-the-200-event-day	20	22		16.7	0.0	2.6	0.0	0.9	0.0	0.2	12.9	0
P3-dropdown-to-the-200-event-day	21	22		16.8	0.0	2.0	0.0	2.1	0.0	0.3	12.3	0
P3-dropdown-to-the-200-event-day	22	22		16.8	0.0	0.6	0.0	0.1	0.0	0.3	15.5	0
P4-week-busiest	1	17	LATE	16.7	0.0	4.2	0.0	4.6	0.0	0.4	7.3	0
P4-week-busiest	2	17	LATE	16.8	0.0	0.9	0.0	2.4	0.0	0.3	13.0	0
P4-week-busiest	3	17		16.8	0.0	0.8	0.0	2.4	0.0	0.2	13.2	0
P4-week-busiest	4	17		16.8	0.0	0.9	0.0	2.0	0.0	0.2	13.5	0
P4-week-busiest	5	17		16.7	0.0	1.0	0.1	2.1	0.0	0.3	13.0	0
P4-week-busiest	6	17		16.8	0.0	0.8	0.0	2.5	0.0	0.2	13.1	0
P4-week-busiest	7	17		16.7	0.0	1.2	0.0	2.0	0.0	0.2	13.0	0
P4-week-busiest	8	17		16.8	0.0	1.0	0.0	1.7	0.0	0.2	13.7	0
P4-week-busiest	9	17		16.7	0.0	1.1	0.0	2.1	0.0	0.2	13.1	0
P4-week-busiest	10	17		16.8	0.0	1.0	0.0	1.9	0.0	0.2	13.4	0
P4-week-busiest	11	17		16.7	0.0	0.8	0.0	1.8	0.0	0.2	13.8	0
P4-week-busiest	12	17		16.8	0.0	0.9	0.0	1.7	0.0	0.2	13.8	0
P4-week-busiest	13	17		16.8	0.0	1.2	0.0	1.9	0.0	0.3	13.1	0
P4-week-busiest	14	17		16.8	0.0	0.8	0.0	0.2	0.0	0.3	15.3	0
P4-week-busiest	15	17		16.7	0.0	0.7	0.0	0.2	0.0	0.7	15.0	0
P4-week-busiest	16	17	LATE	50.1	0.0	7.1	0.0	33.2	0.0	1.8	7.6	0
P4-week-busiest	17	17		-7999.9	0.0	0.0	0.0	0.0	-8038.5	0.2	12.2	8
P5-swipe-01	1	29		39.5	0.6	6.5	0.0	0.1	0.0	1.3	5.5	0
P5-swipe-01	2	29		21.8	0.3	5.0	0.0	0.2	0.0	0.3	15.8	0
P5-swipe-01	3	29		20.1	0.9	3.0	0.0	0.2	0.0	0.5	15.3	0
P5-swipe-01	4	29		20.1	0.4	2.3	0.0	0.2	0.0	0.2	16.8	0
P5-swipe-01	5	29		20.0	0.6	2.1	0.0	0.2	0.0	0.3	16.7	0
P5-swipe-01	6	29		19.9	0.6	2.0	0.0	0.2	0.0	0.2	16.8	0
P5-swipe-01	7	29		20.3	0.5	2.0	0.0	0.2	0.0	0.3	17.3	0
P5-swipe-01	8	29		20.1	0.7	2.1	0.0	0.2	0.0	0.3	16.7	0
P5-swipe-01	9	29		19.8	0.6	2.0	0.0	0.2	0.0	0.3	16.6	0
P5-swipe-01	10	29		20.0	0.4	1.9	0.0	0.2	0.0	0.2	17.2	0
P5-swipe-01	11	29		20.3	0.6	2.0	0.0	0.2	0.0	0.2	17.2	0
P5-swipe-01	12	29		20.3	0.5	1.8	0.0	0.2	0.0	0.7	16.9	0
P5-swipe-01	13	29		33.4	0.5	2.1	0.0	0.2	0.0	0.3	30.0	0
P5-swipe-01	14	29	LATE	16.7	0.0	0.6	0.0	0.2	0.0	0.4	15.3	0
P5-swipe-01	15	29		16.7	0.0	0.6	0.0	0.2	0.0	0.4	15.3	0
P5-swipe-01	16	29		16.7	0.0	0.6	0.0	0.2	0.0	0.4	15.4	0
P5-swipe-01	17	29		16.7	0.0	0.6	0.0	0.2	0.0	0.3	15.4	0
P5-swipe-01	18	29		16.7	0.0	0.4	0.0	0.2	0.0	0.3	15.7	0
P5-swipe-01	19	29		16.7	0.0	0.6	0.0	0.2	0.0	0.3	15.4	0
P5-swipe-01	20	29		16.7	0.0	0.5	0.0	0.2	0.0	0.3	15.6	0
P5-swipe-01	21	29		16.7	0.0	0.6	0.0	0.2	0.0	0.4	15.4	0
P5-swipe-01	22	29		16.9	0.0	0.5	0.0	0.2	0.0	0.3	15.8	0
P5-swipe-01	23	29		16.7	0.0	0.4	0.0	0.2	0.0	0.3	15.6	0
P5-swipe-01	24	29		16.7	0.0	0.5	0.0	0.2	0.0	0.3	15.6	0
P5-swipe-01	25	29		16.7	0.0	0.4	0.0	0.2	0.0	0.3	15.8	0
P5-swipe-01	26	29		16.7	0.0	0.5	0.0	0.2	0.0	0.3	15.5	0
P5-swipe-01	27	29		16.7	0.0	0.6	0.0	0.2	0.0	0.3	15.4	0
P5-swipe-01	28	29		16.7	0.0	0.5	0.0	0.2	0.0	0.4	15.4	0
P5-swipe-01	29	29		16.7	0.0	9.6	0.0	3.1	0.0	0.4	3.3	0
P5-swipe-02	1	31	LATE	33.4	1.1	5.9	0.0	24.8	0.0	0.4	1.0	0
P5-swipe-02	2	31		33.4	0.4	1.5	0.0	0.1	0.0	0.4	15.3	0
P5-swipe-02	3	31		16.7	0.6	1.5	0.0	0.2	0.0	0.2	14.1	0
P5-swipe-02	4	31		16.8	0.4	1.4	0.0	0.1	0.0	0.2	14.4	0
P5-swipe-02	5	31		16.8	0.5	1.9	0.0	0.2	0.0	0.3	13.7	0
P5-swipe-02	6	31		16.8	0.4	1.7	0.0	0.2	0.0	0.3	14.1	0
P5-swipe-02	7	31		16.7	0.8	1.5	0.0	0.2	0.0	0.3	13.7	0
P5-swipe-02	8	31		16.7	0.7	1.4	0.0	0.2	0.0	0.3	14.0	0
P5-swipe-02	9	31		16.8	0.5	1.4	0.0	0.2	0.0	0.3	14.2	0
P5-swipe-02	10	31		16.7	0.5	1.8	0.0	0.2	0.0	0.3	13.7	0
P5-swipe-02	11	31		16.7	0.6	1.7	0.0	0.2	0.0	0.3	13.8	0
P5-swipe-02	12	31		16.7	0.5	1.5	0.0	0.2	0.0	0.3	14.1	0
P5-swipe-02	13	31		16.7	0.5	1.6	0.1	0.2	0.0	0.3	14.0	0
P5-swipe-02	14	31		16.7	0.6	1.7	0.0	0.3	0.0	0.4	13.6	0
P5-swipe-02	15	31		16.7	0.5	1.5	0.0	0.2	0.0	0.3	14.0	0
P5-swipe-02	16	31	LATE	16.7	0.0	0.5	0.0	0.2	0.0	0.3	15.6	0
P5-swipe-02	17	31		16.7	0.0	0.5	0.0	0.2	0.0	0.3	15.5	0
P5-swipe-02	18	31		16.8	0.0	0.4	0.0	0.2	0.0	0.3	15.7	0
P5-swipe-02	19	31		16.7	0.0	0.7	0.0	0.3	0.0	0.4	15.1	0
P5-swipe-02	20	31		16.7	0.0	0.6	0.0	0.2	0.0	0.3	15.4	0
P5-swipe-02	21	31		16.7	0.0	0.5	0.0	0.2	0.0	0.3	15.6	0
P5-swipe-02	22	31		16.7	0.0	0.5	0.0	0.2	0.0	0.4	15.4	0
P5-swipe-02	23	31		16.7	0.0	0.4	0.0	0.2	0.0	0.3	15.6	0
P5-swipe-02	24	31		16.7	0.0	0.5	0.0	0.2	0.0	0.3	15.6	0
P5-swipe-02	25	31		16.7	0.0	0.6	0.0	0.2	0.0	0.3	15.4	0
P5-swipe-02	26	31		16.8	0.0	0.4	0.0	0.2	0.0	0.3	15.7	0
P5-swipe-02	27	31		16.7	0.0	0.5	0.0	0.2	0.0	0.3	15.6	0
P5-swipe-02	28	31		16.8	0.0	0.4	0.0	0.2	0.0	0.3	15.7	0
P5-swipe-02	29	31		16.7	0.0	0.4	0.0	0.2	0.0	0.4	15.6	0
P5-swipe-02	30	31		16.7	0.0	0.4	0.0	0.2	0.0	0.3	15.8	0
P5-swipe-02	31	31		16.9	0.0	9.1	0.0	3.4	0.0	0.5	3.7	0
P5-swipe-03	1	30	LATE	33.4	0.6	5.4	0.0	24.9	0.0	0.5	1.8	0
P5-swipe-03	2	30		33.4	0.5	1.5	0.0	0.1	0.0	0.3	16.3	0
P5-swipe-03	3	30		16.7	0.5	1.5	0.0	0.2	0.0	0.3	14.1	0
P5-swipe-03	4	30		16.7	0.4	1.4	0.0	0.2	0.0	0.3	14.3	0
P5-swipe-03	5	30		16.7	0.4	1.3	0.0	0.1	0.0	0.3	14.5	0
P5-swipe-03	6	30		16.7	0.4	1.2	0.0	0.1	0.0	0.3	14.6	0
P5-swipe-03	7	30		16.7	0.4	1.3	0.0	0.2	0.0	0.3	14.4	0
P5-swipe-03	8	30		16.7	0.4	1.2	0.0	0.1	0.0	0.2	14.7	0
P5-swipe-03	9	30		16.7	0.5	1.4	0.0	0.2	0.0	0.2	14.4	0
P5-swipe-03	10	30		16.7	0.4	1.2	0.0	0.1	0.0	0.2	14.6	0
P5-swipe-03	11	30		16.7	0.4	1.3	0.0	0.1	0.0	0.2	14.5	0
P5-swipe-03	12	30		16.7	0.4	1.3	0.0	0.2	0.0	0.2	14.6	0
P5-swipe-03	13	30		16.7	0.5	1.3	0.0	0.1	0.0	0.3	14.4	0
P5-swipe-03	14	30		16.7	0.4	1.4	0.0	0.2	0.0	0.2	14.4	0
P5-swipe-03	15	30	LATE	16.7	0.0	0.6	0.0	0.2	0.0	0.4	15.4	0
P5-swipe-03	16	30		16.7	0.0	0.4	0.0	0.2	0.0	0.3	15.7	0
P5-swipe-03	17	30		16.7	0.0	1.0	0.0	0.2	0.0	0.4	12.8	0
P5-swipe-03	18	30		16.7	0.0	0.5	0.0	0.2	0.0	0.4	15.6	0
P5-swipe-03	19	30		16.7	0.0	0.4	0.0	0.2	0.0	0.3	15.7	0
P5-swipe-03	20	30		16.7	0.0	0.6	0.0	0.2	0.0	0.3	15.4	0
P5-swipe-03	21	30		16.8	0.0	0.5	0.0	0.1	0.0	0.4	15.5	0
P5-swipe-03	22	30		16.7	0.0	0.6	0.0	0.2	0.0	0.3	15.5	0
P5-swipe-03	23	30		16.7	0.0	0.5	0.0	0.1	0.0	0.3	15.7	0
P5-swipe-03	24	30		16.7	0.0	0.6	0.0	0.2	0.0	0.3	15.5	0
P5-swipe-03	25	30		16.8	0.0	0.5	0.0	0.2	0.0	0.4	15.5	0
P5-swipe-03	26	30		16.7	0.0	0.5	0.0	0.1	0.0	0.4	15.5	0
P5-swipe-03	27	30		16.8	0.0	0.6	0.0	0.2	0.0	0.3	15.6	0
P5-swipe-03	28	30		16.7	0.0	0.4	0.0	0.1	0.0	0.3	15.7	0
P5-swipe-03	29	30		16.7	0.0	0.4	0.0	0.1	0.0	0.3	15.7	0
P5-swipe-03	30	30	LATE	33.4	0.0	10.4	0.0	14.0	0.0	2.3	6.6	0
P5-swipe-04	1	31	LATE	32.4	1.0	5.1	0.0	23.2	0.0	0.5	2.3	0
P5-swipe-04	2	31	LATE	33.5	0.5	1.4	0.0	0.1	0.0	0.3	18.0	0
P5-swipe-04	3	31		16.8	0.7	1.6	0.0	0.2	0.1	0.6	13.4	0
P5-swipe-04	4	31		16.8	0.9	2.1	0.0	0.3	0.0	0.4	12.9	0
P5-swipe-04	5	31		16.8	0.8	3.3	0.0	0.2	0.0	0.4	11.8	0
P5-swipe-04	6	31		16.7	0.5	1.6	0.0	0.1	0.0	0.4	14.0	0
P5-swipe-04	7	31		16.8	0.4	1.5	0.0	0.1	0.0	0.2	14.4	0
P5-swipe-04	8	31		16.7	0.4	1.1	0.0	0.1	0.0	0.2	14.7	0
P5-swipe-04	9	31		16.7	0.4	1.1	0.0	0.1	0.0	0.2	14.7	0
P5-swipe-04	10	31		16.7	0.3	1.1	0.0	0.1	0.0	0.2	14.9	0
P5-swipe-04	11	31		16.7	0.5	1.2	0.0	0.1	0.0	0.2	14.5	0
P5-swipe-04	12	31		16.8	0.4	1.3	0.0	0.1	0.0	0.2	14.6	0
P5-swipe-04	13	31		16.7	0.3	1.1	0.0	0.1	0.0	0.2	14.8	0
P5-swipe-04	14	31		16.7	0.4	1.2	0.0	0.1	0.0	0.2	14.7	0
P5-swipe-04	15	31		16.7	0.6	1.1	0.0	0.1	0.0	0.2	14.5	0
P5-swipe-04	16	31	LATE	16.8	0.0	0.6	0.0	0.2	0.0	0.3	15.5	0
P5-swipe-04	17	31		16.7	0.0	0.6	0.0	0.2	0.0	0.3	15.4	0
P5-swipe-04	18	31		16.7	0.0	0.6	0.0	0.1	0.0	0.3	15.6	0
P5-swipe-04	19	31		16.7	0.0	0.4	0.0	0.1	0.0	0.3	15.9	0
P5-swipe-04	20	31		16.7	0.0	0.4	0.0	0.1	0.0	0.3	15.7	0
P5-swipe-04	21	31		16.7	0.0	0.4	0.0	0.1	0.0	0.3	15.7	0
P5-swipe-04	22	31		16.7	0.0	0.4	0.0	0.1	0.0	0.3	15.7	0
P5-swipe-04	23	31		16.7	0.0	0.4	0.0	0.1	0.0	0.3	15.8	0
P5-swipe-04	24	31		16.8	0.0	0.6	0.0	0.2	0.0	0.3	15.6	0
P5-swipe-04	25	31		16.8	0.0	0.8	0.0	0.2	0.0	0.4	15.1	0
P5-swipe-04	26	31		16.8	0.0	0.6	0.0	0.2	0.0	0.4	15.3	0
P5-swipe-04	27	31		16.7	0.0	0.6	0.0	0.2	0.0	0.5	15.1	0
P5-swipe-04	28	31		16.8	0.0	0.7	0.0	0.1	0.0	0.3	15.5	0
P5-swipe-04	29	31		16.7	0.0	0.4	0.0	0.1	0.0	0.4	15.7	0
P5-swipe-04	30	31		16.7	0.0	0.4	0.0	0.2	0.0	0.4	15.6	0
P5-swipe-04	31	31		16.7	0.0	7.5	0.0	3.9	0.0	0.6	4.5	0
P5-swipe-05	1	31	LATE	30.7	0.5	4.7	0.0	22.8	0.0	0.4	2.0	0
P5-swipe-05	2	31		18.8	0.5	1.2	0.0	0.1	0.0	0.2	5.0	0
P5-swipe-05	3	31		19.1	0.4	1.1	0.0	0.1	0.0	0.2	17.2	0
P5-swipe-05	4	31		18.9	0.5	1.2	0.0	0.1	0.0	0.2	16.7	0
P5-swipe-05	5	31		19.0	0.4	1.2	0.0	0.1	0.0	0.3	16.9	0
P5-swipe-05	6	31		19.0	0.4	1.2	0.0	0.1	0.0	0.3	16.9	0
P5-swipe-05	7	31		20.1	0.4	1.2	0.0	0.1	0.0	0.3	18.0	0
P5-swipe-05	8	31		19.4	0.8	1.5	0.0	0.2	0.0	0.3	16.2	0
P5-swipe-05	9	31		19.7	0.5	1.3	0.0	0.2	0.0	0.3	17.3	0
P5-swipe-05	10	31		19.2	0.6	1.4	0.0	0.1	0.0	0.4	16.5	0
P5-swipe-05	11	31		19.4	0.5	1.3	0.0	0.1	0.0	0.2	17.0	0
P5-swipe-05	12	31		19.0	0.5	1.4	0.0	0.1	0.0	0.3	16.6	0
P5-swipe-05	13	31		19.0	0.4	1.3	0.0	0.1	0.0	0.2	16.9	0
P5-swipe-05	14	31		19.2	0.4	1.3	0.0	0.2	0.0	0.2	17.0	0
P5-swipe-05	15	31	LATE	33.4	0.5	1.2	0.0	0.1	0.0	0.2	31.1	0
P5-swipe-05	16	31	LATE	16.8	0.0	0.5	0.0	0.2	0.0	0.3	15.6	0
P5-swipe-05	17	31		16.8	0.0	0.7	0.0	0.2	0.0	0.2	15.4	0
P5-swipe-05	18	31		16.7	0.0	0.4	0.0	0.1	0.0	0.2	15.8	0
P5-swipe-05	19	31		16.7	0.0	0.4	0.0	0.1	0.0	0.2	15.9	0
P5-swipe-05	20	31		16.8	0.0	0.3	0.0	0.1	0.0	0.2	15.9	0
P5-swipe-05	21	31		16.7	0.0	0.3	0.0	0.1	0.0	0.2	15.9	0
P5-swipe-05	22	31		16.7	0.0	1.0	0.0	0.2	0.0	0.4	15.0	0
P5-swipe-05	23	31		16.7	0.0	0.5	0.0	0.2	0.0	0.6	15.3	0
P5-swipe-05	24	31		16.7	0.0	0.5	0.0	0.2	0.0	0.3	15.6	0
P5-swipe-05	25	31		16.7	0.0	0.4	0.0	0.1	0.0	0.2	15.8	0
P5-swipe-05	26	31		16.8	0.0	0.5	0.0	0.1	0.0	0.4	15.5	0
P5-swipe-05	27	31		16.7	0.0	0.4	0.0	0.1	0.0	0.3	15.7	0
P5-swipe-05	28	31		16.7	0.0	0.4	0.0	0.1	0.0	0.3	15.7	0
P5-swipe-05	29	31		16.7	0.0	0.4	0.0	0.1	0.0	0.3	15.7	0
P5-swipe-05	30	31		16.7	0.0	0.4	0.0	0.1	0.0	0.4	15.6	0
P5-swipe-05	31	31		16.7	0.0	7.5	0.0	3.1	0.0	0.5	5.4	0
P5-swipe-06	1	30	LATE	32.6	0.6	4.9	0.0	24.0	0.0	0.4	2.5	0
P5-swipe-06	2	30	LATE	33.4	0.6	1.4	0.0	0.1	0.0	0.3	17.7	0
P5-swipe-06	3	30		16.7	0.4	1.3	0.0	0.1	0.0	0.3	14.5	0
P5-swipe-06	4	30		16.7	0.4	1.2	0.0	0.1	0.0	0.3	14.6	0
P5-swipe-06	5	30		16.8	0.4	1.4	0.0	0.1	0.0	0.3	14.3	0
P5-swipe-06	6	30		16.7	0.6	1.7	0.0	0.1	0.0	0.3	13.8	0
P5-swipe-06	7	30		16.8	0.6	1.5	0.0	0.1	0.0	0.3	14.1	0
P5-swipe-06	8	30		16.8	0.6	1.2	0.0	0.1	0.0	0.2	14.4	0
P5-swipe-06	9	30		16.7	0.6	1.3	0.0	0.1	0.0	0.3	14.2	0
P5-swipe-06	10	30		16.7	0.5	1.5	0.0	0.1	0.0	0.3	14.2	0
P5-swipe-06	11	30		16.8	0.4	1.4	0.0	0.1	0.0	0.3	14.4	0
P5-swipe-06	12	30		16.7	0.6	1.5	0.0	0.2	0.0	0.3	13.9	0
P5-swipe-06	13	30		16.7	0.4	1.3	0.0	0.1	0.0	0.2	14.5	0
P5-swipe-06	14	30		16.7	0.4	1.3	0.0	0.1	0.0	0.2	14.5	0
P5-swipe-06	15	30	LATE	16.8	0.0	0.5	0.0	0.2	0.0	0.4	15.5	0
P5-swipe-06	16	30		16.7	0.0	0.6	0.0	0.2	0.0	0.3	15.4	0
P5-swipe-06	17	30		16.8	0.0	0.6	0.0	0.2	0.0	0.3	15.5	0
P5-swipe-06	18	30		16.8	0.0	1.0	0.0	0.2	0.0	0.4	14.8	0
P5-swipe-06	19	30		16.7	0.0	0.8	0.1	0.2	0.0	0.5	14.8	0
P5-swipe-06	20	30		16.7	0.0	0.6	0.0	0.2	0.0	0.4	15.3	0
P5-swipe-06	21	30		16.8	0.0	0.7	0.0	0.2	0.0	0.4	15.3	0
P5-swipe-06	22	30		16.7	0.0	0.6	0.0	0.2	0.0	0.3	15.4	0
P5-swipe-06	23	30		16.7	0.0	0.8	0.0	0.1	0.0	0.3	15.4	0
P5-swipe-06	24	30		16.7	0.0	0.4	0.0	0.1	0.0	0.3	15.7	0
P5-swipe-06	25	30		16.7	0.0	0.5	0.0	0.1	0.0	0.3	15.6	0
P5-swipe-06	26	30		16.7	0.0	0.4	0.0	0.1	0.0	0.3	15.8	0
P5-swipe-06	27	30		16.7	0.0	0.4	0.0	0.1	0.0	0.3	15.7	0
P5-swipe-06	28	30		16.8	0.0	0.7	0.0	0.2	0.0	0.3	15.3	0
P5-swipe-06	29	30		16.8	0.0	0.5	0.0	0.2	0.0	0.3	15.5	0
P5-swipe-06	30	30		16.8	0.0	8.5	0.0	3.3	0.0	0.4	4.4	0
P5-swipe-07	1	31	LATE	30.8	0.5	5.1	0.0	22.5	0.0	0.5	1.9	0
P5-swipe-07	2	31		18.8	0.4	1.1	0.0	0.1	0.0	0.3	4.9	0
P5-swipe-07	3	31		19.1	0.3	1.1	0.0	0.1	0.0	0.3	17.1	0
P5-swipe-07	4	31		19.2	0.4	1.2	0.0	0.1	0.0	0.3	17.0	0
P5-swipe-07	5	31		19.0	0.4	1.3	0.0	0.1	0.0	0.2	16.6	0
P5-swipe-07	6	31		19.2	0.4	1.1	0.0	0.1	0.0	0.3	17.1	0
P5-swipe-07	7	31		19.2	0.4	1.2	0.0	0.1	0.0	0.3	16.8	0
P5-swipe-07	8	31		18.9	0.5	1.2	0.0	0.1	0.0	0.3	16.6	0
P5-swipe-07	9	31		19.1	0.3	1.2	0.0	0.1	0.0	0.2	17.1	0
P5-swipe-07	10	31		19.4	0.5	1.3	0.0	0.1	0.0	0.2	17.1	0
P5-swipe-07	11	31		19.3	0.5	1.5	0.0	0.1	0.0	0.2	16.7	0
P5-swipe-07	12	31		19.7	0.4	1.3	0.0	0.1	0.0	0.3	17.3	0
P5-swipe-07	13	31		19.1	0.3	1.4	0.0	0.2	0.0	0.4	16.5	0
P5-swipe-07	14	31		19.0	0.4	1.2	0.0	0.1	0.0	0.2	16.8	0
P5-swipe-07	15	31	LATE	33.4	0.4	1.2	0.0	0.1	0.0	0.3	31.3	0
P5-swipe-07	16	31	LATE	16.8	0.0	0.6	0.0	0.2	0.0	0.4	15.3	0
P5-swipe-07	17	31		16.7	0.0	0.5	0.0	0.2	0.0	0.4	15.5	0
P5-swipe-07	18	31		16.7	0.0	0.6	0.0	0.2	0.0	0.4	15.4	0
P5-swipe-07	19	31		16.7	0.0	0.4	0.0	0.1	0.0	0.3	15.7	0
P5-swipe-07	20	31		16.7	0.0	0.4	0.0	0.1	0.0	0.4	15.7	0
P5-swipe-07	21	31		16.8	0.0	0.5	0.0	0.1	0.0	0.3	15.6	0
P5-swipe-07	22	31		16.7	0.0	0.5	0.0	0.2	0.0	0.4	15.4	0
P5-swipe-07	23	31		16.7	0.0	0.4	0.0	0.1	0.0	0.3	15.7	0
P5-swipe-07	24	31		16.7	0.0	0.6	0.0	0.2	0.0	0.4	15.4	0
P5-swipe-07	25	31		16.8	0.0	0.5	0.0	0.1	0.0	0.3	15.6	0
P5-swipe-07	26	31		16.7	0.0	0.6	0.0	0.2	0.0	0.3	15.4	0
P5-swipe-07	27	31		16.8	0.0	0.5	0.0	0.1	0.0	0.4	15.6	0
P5-swipe-07	28	31		16.7	0.0	0.4	0.0	0.1	0.0	0.3	15.7	0
P5-swipe-07	29	31		16.7	0.0	0.6	0.0	0.2	0.0	0.4	15.3	0
P5-swipe-07	30	31		16.7	0.0	0.4	0.0	0.2	0.0	0.3	15.7	0
P5-swipe-07	31	31	LATE	33.4	0.0	9.9	0.0	13.2	0.0	1.3	8.8	0
P5-swipe-08	1	31	LATE	27.2	0.5	4.3	0.0	20.3	0.0	0.4	1.5	0
P5-swipe-08	2	31		18.6	0.4	0.9	0.0	0.1	0.0	0.2	8.2	0
P5-swipe-08	3	31		19.3	0.3	0.9	0.0	0.1	0.0	0.2	17.5	0
P5-swipe-08	4	31		20.2	0.5	1.2	0.0	0.1	0.0	0.3	17.9	0
P5-swipe-08	5	31		19.9	0.8	1.4	0.0	0.1	0.0	0.4	16.8	0
P5-swipe-08	6	31		20.2	0.8	1.3	0.0	0.2	0.0	0.3	17.2	0
P5-swipe-08	7	31		20.2	1.3	1.3	0.0	0.2	0.0	0.2	16.9	0
P5-swipe-08	8	31		20.2	1.0	1.3	0.0	0.2	0.0	0.4	17.0	0
P5-swipe-08	9	31		20.4	1.0	1.3	0.0	0.2	0.0	0.4	17.1	0
P5-swipe-08	10	31		20.2	1.0	1.6	0.0	0.2	0.0	0.4	16.8	0
P5-swipe-08	11	31		19.7	1.1	1.3	0.0	0.2	0.0	0.4	16.4	0
P5-swipe-08	12	31		20.3	0.7	1.1	0.0	0.2	0.0	0.4	17.6	0
P5-swipe-08	13	31		20.1	1.1	1.4	0.0	0.2	0.0	0.4	16.7	0
P5-swipe-08	14	31		20.6	1.0	1.3	0.0	0.2	0.0	0.4	17.4	0
P5-swipe-08	15	31	LATE	33.4	1.0	1.6	0.0	0.3	0.0	0.5	29.8	0
P5-swipe-08	16	31	LATE	16.7	0.0	0.6	0.0	0.2	0.0	0.3	15.4	0
P5-swipe-08	17	31		16.7	0.0	0.7	0.0	0.2	0.0	0.3	15.4	0
P5-swipe-08	18	31		16.7	0.0	0.4	0.0	0.1	0.0	0.3	15.8	0
P5-swipe-08	19	31		16.7	0.0	0.3	0.0	0.1	0.0	0.2	16.0	0
P5-swipe-08	20	31		16.8	0.0	0.3	0.0	0.1	0.0	0.3	15.9	0
P5-swipe-08	21	31		16.7	0.0	0.6	0.0	0.2	0.0	0.3	15.4	0
P5-swipe-08	22	31		16.7	0.0	0.5	0.0	0.2	0.0	0.3	15.6	0
P5-swipe-08	23	31		16.7	0.0	0.5	0.0	0.2	0.0	0.6	15.1	0
P5-swipe-08	24	31		16.7	0.0	0.6	0.1	0.2	0.0	0.4	15.3	0
P5-swipe-08	25	31		16.7	0.0	0.5	0.0	0.2	0.0	0.4	15.5	0
P5-swipe-08	26	31		16.7	0.0	0.6	0.0	0.2	0.0	0.4	15.4	0
P5-swipe-08	27	31		16.7	0.0	0.6	0.0	0.2	0.0	0.5	15.3	0
P5-swipe-08	28	31		16.7	0.0	0.6	0.0	0.2	0.0	0.4	15.3	0
P5-swipe-08	29	31		16.7	0.0	0.4	0.0	0.1	0.0	0.4	15.7	0
P5-swipe-08	30	31		16.7	0.0	0.4	0.0	0.1	0.0	0.3	15.8	0
P5-swipe-08	31	31		16.7	0.0	6.8	0.0	3.2	0.0	0.4	6.1	0
P5-swipe-09	1	31	LATE	27.0	0.7	4.6	0.0	19.4	0.0	0.5	1.6	0
P5-swipe-09	2	31		18.7	0.4	0.8	0.0	0.1	0.0	0.3	8.7	0
P5-swipe-09	3	31		19.0	0.3	0.7	0.0	0.1	0.0	0.2	17.2	0
P5-swipe-09	4	31		19.0	0.3	0.7	0.0	0.1	0.0	0.2	17.0	0
P5-swipe-09	5	31		18.9	0.3	0.7	0.0	0.1	0.0	0.3	16.8	0
P5-swipe-09	6	31		18.9	0.5	0.7	0.0	0.1	0.0	0.3	16.8	0
P5-swipe-09	7	31		18.9	0.3	0.8	0.0	0.1	0.0	0.4	17.0	0
P5-swipe-09	8	31		19.2	0.3	0.8	0.0	0.1	0.0	0.3	17.2	0
P5-swipe-09	9	31		18.8	0.3	0.7	0.0	0.1	0.0	0.2	16.9	0
P5-swipe-09	10	31		18.6	0.4	0.9	0.0	0.1	0.0	0.3	16.6	0
P5-swipe-09	11	31		18.7	0.3	0.7	0.0	0.1	0.0	0.2	17.2	0
P5-swipe-09	12	31		18.9	0.4	0.8	0.0	0.1	0.0	0.2	17.2	0
P5-swipe-09	13	31		18.9	0.4	1.0	0.0	0.1	0.0	0.3	17.0	0
P5-swipe-09	14	31		18.8	0.3	0.8	0.0	0.1	0.0	0.3	17.1	0
P5-swipe-09	15	31	LATE	33.4	0.5	0.9	0.0	0.1	0.0	0.3	31.5	0
P5-swipe-09	16	31	LATE	16.7	0.0	0.6	0.0	0.2	0.0	0.7	15.1	0
P5-swipe-09	17	31		16.7	0.0	0.8	0.0	0.1	0.0	0.5	15.0	0
P5-swipe-09	18	31		16.7	0.0	0.4	0.0	0.1	0.0	0.8	15.2	0
P5-swipe-09	19	31		16.7	0.0	0.4	0.0	0.1	0.0	0.7	15.3	0
P5-swipe-09	20	31		16.7	0.0	0.4	0.0	0.1	0.0	0.7	15.4	0
P5-swipe-09	21	31		16.7	0.0	0.4	0.0	0.1	0.0	0.5	15.4	0
P5-swipe-09	22	31		16.7	0.0	0.3	0.0	0.2	0.0	0.6	15.4	0
P5-swipe-09	23	31		16.7	0.0	0.3	0.0	0.1	0.0	0.5	15.6	0
P5-swipe-09	24	31		16.7	0.0	0.3	0.0	0.1	0.0	0.4	15.8	0
P5-swipe-09	25	31		16.7	0.0	0.3	0.0	0.3	0.0	0.6	15.4	0
P5-swipe-09	26	31		16.7	0.0	0.5	0.0	0.1	0.0	0.5	15.5	0
P5-swipe-09	27	31		16.7	0.0	0.4	0.0	0.1	0.0	0.6	15.4	0
P5-swipe-09	28	31		16.7	0.0	0.4	0.0	0.1	0.0	0.6	15.4	0
P5-swipe-09	29	31		16.7	0.0	0.4	0.0	0.1	0.0	0.5	15.5	0
P5-swipe-09	30	31		16.8	0.0	0.5	0.0	0.1	0.0	0.6	15.4	0
P5-swipe-09	31	31		16.7	0.0	7.5	0.0	3.6	0.0	0.7	4.7	0
P5-swipe-10	1	31	LATE	27.0	0.7	4.2	0.0	19.8	0.0	0.5	1.6	0
P5-swipe-10	2	31		18.6	0.4	0.8	0.0	0.1	0.0	0.3	8.6	0
P5-swipe-10	3	31		18.5	0.3	0.7	0.0	0.1	0.0	0.3	16.8	0
P5-swipe-10	4	31		18.8	0.3	0.7	0.0	0.1	0.0	0.3	17.2	0
P5-swipe-10	5	31		18.9	0.4	1.0	0.0	0.1	0.0	0.3	17.0	0
P5-swipe-10	6	31		18.6	0.4	0.9	0.0	0.1	0.0	0.3	16.7	0
P5-swipe-10	7	31		18.6	0.4	0.8	0.0	0.1	0.0	0.3	16.8	0
P5-swipe-10	8	31		18.7	0.4	0.7	0.0	0.1	0.0	0.3	17.1	0
P5-swipe-10	9	31		19.1	0.4	0.8	0.0	0.1	0.0	0.3	17.2	0
P5-swipe-10	10	31		18.9	0.5	1.0	0.0	0.1	0.0	0.3	16.8	0
P5-swipe-10	11	31		18.9	0.4	1.0	0.0	0.1	0.0	0.3	16.9	0
P5-swipe-10	12	31		18.9	0.6	0.9	0.0	0.1	0.0	0.2	16.9	0
P5-swipe-10	13	31		18.3	0.5	1.0	0.0	0.1	0.0	0.2	16.3	0
P5-swipe-10	14	31		18.7	0.3	0.7	0.0	0.1	0.0	0.2	17.3	0
P5-swipe-10	15	31	LATE	33.4	0.3	0.8	0.0	0.1	0.0	0.3	31.7	0
P5-swipe-10	16	31	LATE	16.7	0.0	0.4	0.0	0.2	0.0	0.5	15.5	0
P5-swipe-10	17	31		16.7	0.0	0.6	0.0	0.1	0.0	0.4	15.4	0
P5-swipe-10	18	31		16.7	0.0	0.6	0.0	0.1	0.0	0.2	15.6	0
P5-swipe-10	19	31		16.7	0.0	0.4	0.0	0.1	0.0	0.3	15.8	0
P5-swipe-10	20	31		16.7	0.0	0.4	0.0	0.1	0.0	0.3	15.8	0
P5-swipe-10	21	31		16.7	0.0	0.4	0.0	0.1	0.0	0.3	15.8	0
P5-swipe-10	22	31		16.7	0.0	0.4	0.0	0.1	0.0	0.3	15.8	0
P5-swipe-10	23	31		16.7	0.0	0.6	0.0	0.1	0.0	0.3	15.5	0
P5-swipe-10	24	31		16.7	0.0	0.6	0.0	0.2	0.0	0.3	15.4	0
P5-swipe-10	25	31		16.7	0.0	0.4	0.0	0.1	0.0	0.3	15.7	0
P5-swipe-10	26	31		16.7	0.0	0.5	0.0	0.1	0.0	0.3	15.6	0
P5-swipe-10	27	31		16.7	0.0	0.7	0.0	0.1	0.0	0.4	15.4	0
P5-swipe-10	28	31		16.7	0.0	0.4	0.0	0.1	0.0	0.3	15.7	0
P5-swipe-10	29	31		16.7	0.0	0.4	0.0	0.1	0.0	0.3	15.8	0
P5-swipe-10	30	31		16.7	0.0	0.3	0.0	0.1	0.0	0.3	15.9	0
P5-swipe-10	31	31		16.8	0.0	6.7	0.0	3.1	0.0	0.4	6.3	0
P5-swipe-11	1	31	LATE	25.6	0.7	4.1	0.0	18.8	0.0	0.4	1.4	0
P5-swipe-11	2	31		18.7	0.3	0.7	0.0	0.1	0.0	0.3	9.9	0
P5-swipe-11	3	31		19.0	0.3	0.7	0.0	0.1	0.0	0.3	17.1	0
P5-swipe-11	4	31		19.6	0.4	1.1	0.0	0.1	0.0	0.2	17.5	0
P5-swipe-11	5	31		20.8	0.5	1.2	0.0	0.2	0.0	0.4	18.3	0
P5-swipe-11	6	31		20.4	0.8	1.7	0.1	0.2	0.0	0.5	16.6	0
P5-swipe-11	7	31		18.6	0.8	1.4	0.0	0.2	0.0	0.4	15.4	0
P5-swipe-11	8	31		19.4	0.4	0.6	0.0	0.1	0.0	0.3	17.7	0
P5-swipe-11	9	31		19.0	0.6	1.2	0.0	0.1	0.0	0.3	16.5	0
P5-swipe-11	10	31		19.0	0.4	0.9	0.0	0.1	0.0	0.3	17.1	0
P5-swipe-11	11	31		18.8	0.5	1.0	0.0	0.1	0.0	0.3	16.8	0
P5-swipe-11	12	31		18.8	0.4	1.0	0.0	0.1	0.0	0.3	16.9	0
P5-swipe-11	13	31		19.4	0.4	0.9	0.0	0.1	0.0	0.2	17.6	0
P5-swipe-11	14	31		19.8	0.3	1.5	0.0	0.2	0.0	0.3	17.4	0
P5-swipe-11	15	31	LATE	33.4	0.5	1.6	0.0	0.1	0.0	0.3	30.6	0
P5-swipe-11	16	31	LATE	16.8	0.0	0.4	0.0	0.1	0.0	0.4	15.6	0
P5-swipe-11	17	31		16.7	0.0	0.6	0.0	0.2	0.0	0.4	15.2	0
P5-swipe-11	18	31		16.7	0.0	0.5	0.0	0.1	0.0	0.5	15.4	0
P5-swipe-11	19	31		16.8	0.0	0.4	0.0	0.1	0.0	0.4	15.6	0
P5-swipe-11	20	31		16.7	0.0	0.5	0.0	0.1	0.0	0.4	15.5	0
P5-swipe-11	21	31		16.7	0.0	0.4	0.0	0.1	0.0	0.3	15.7	0
P5-swipe-11	22	31		16.8	0.0	0.4	0.0	0.1	0.0	0.3	15.7	0
P5-swipe-11	23	31		16.7	0.0	0.6	0.0	0.1	0.0	0.4	15.4	0
P5-swipe-11	24	31		16.7	0.0	0.4	0.0	0.1	0.0	0.4	15.6	0
P5-swipe-11	25	31		16.8	0.0	0.4	0.0	0.1	0.0	0.4	15.6	0
P5-swipe-11	26	31		16.7	0.0	0.6	0.0	0.1	0.0	0.4	15.4	0
P5-swipe-11	27	31		16.8	0.0	0.4	0.0	0.1	0.0	0.4	15.7	0
P5-swipe-11	28	31		16.7	0.0	0.4	0.0	0.1	0.0	0.4	15.6	0
P5-swipe-11	29	31		16.8	0.0	0.6	0.0	0.2	0.0	0.4	15.2	0
P5-swipe-11	30	31		16.7	0.0	0.6	0.0	0.2	0.0	0.5	15.0	0
P5-swipe-11	31	31		16.8	0.0	6.5	0.0	6.3	0.0	1.1	2.7	0
P5-swipe-12	1	31	LATE	26.6	0.5	4.4	0.0	19.3	0.0	0.4	1.8	0
P5-swipe-12	2	31		18.8	0.5	1.0	0.0	0.1	0.0	0.2	9.0	0
P5-swipe-12	3	31		18.9	0.4	1.0	0.0	0.1	0.0	0.3	17.0	0
P5-swipe-12	4	31		18.6	0.4	1.0	0.0	0.1	0.0	0.2	16.5	0
P5-swipe-12	5	31		19.3	0.4	0.9	0.0	0.1	0.0	0.2	17.6	0
P5-swipe-12	6	31		19.4	0.5	1.2	0.0	0.1	0.0	0.3	17.1	0
P5-swipe-12	7	31		19.1	0.4	1.3	0.0	0.2	0.0	0.5	16.6	0
P5-swipe-12	8	31		18.8	0.5	1.2	0.0	0.1	0.0	0.3	16.6	0
P5-swipe-12	9	31		18.8	0.4	1.0	0.0	0.1	0.0	0.3	16.8	0
P5-swipe-12	10	31		18.6	0.4	1.0	0.0	0.1	0.0	0.2	16.7	0
P5-swipe-12	11	31		18.9	0.3	0.9	0.0	0.1	0.0	0.2	17.2	0
P5-swipe-12	12	31		18.7	0.4	1.1	0.0	0.1	0.0	0.2	16.7	0
P5-swipe-12	13	31		18.6	0.3	1.0	0.0	0.1	0.0	0.3	16.8	0
P5-swipe-12	14	31		18.9	0.4	0.9	0.0	0.1	0.0	0.2	17.1	0
P5-swipe-12	15	31	LATE	33.4	0.4	1.0	0.0	0.1	0.0	0.3	31.4	0
P5-swipe-12	16	31	LATE	16.8	0.0	0.5	0.0	0.1	0.0	0.5	15.5	0
P5-swipe-12	17	31		16.8	0.0	0.5	0.0	0.2	0.0	0.4	15.5	0
P5-swipe-12	18	31		16.7	0.0	0.7	0.0	0.2	0.0	0.4	15.1	0
P5-swipe-12	19	31		16.7	0.0	0.4	0.0	0.1	0.0	0.4	15.7	0
P5-swipe-12	20	31		16.7	0.0	0.4	0.0	0.1	0.0	0.4	15.7	0
P5-swipe-12	21	31		16.7	0.0	0.4	0.0	0.1	0.0	0.3	15.7	0
P5-swipe-12	22	31		16.7	0.0	0.4	0.0	0.1	0.0	0.3	15.7	0
P5-swipe-12	23	31		16.7	0.0	1.1	0.0	0.1	0.0	0.3	15.0	0
P5-swipe-12	24	31		16.7	0.0	0.3	0.0	0.2	0.0	0.4	15.6	0
P5-swipe-12	25	31		16.7	0.0	0.5	0.0	0.1	0.0	0.3	15.7	0
P5-swipe-12	26	31		16.7	0.0	0.5	0.0	0.1	0.0	0.3	15.7	0
P5-swipe-12	27	31		16.7	0.0	0.4	0.0	0.1	0.0	0.3	15.7	0
P5-swipe-12	28	31		16.7	0.0	0.5	0.0	0.1	0.0	0.3	15.6	0
P5-swipe-12	29	31		16.8	0.0	0.5	0.0	0.1	0.0	0.5	15.4	0
P5-swipe-12	30	31		16.8	0.0	0.6	0.0	0.2	0.0	0.4	15.3	0
P5-swipe-12	31	31		16.7	0.0	6.3	0.0	3.5	0.0	0.6	6.1	0
