# Derived from E7-run2-per-leg-diagnosis-janky-14.38-percent/P*.framestats.txt (build 6009c0b14a87039f) after the run, by reading each frame's
# columns: total = FrameCompleted - IntendedVsync; LATE = FrameCompleted > FrameDeadline; input/anim/traversal/draw are UI-thread stages, sync/issue_cmds/swap the render thread's. ms.
leg	frame	of	late	total_ms	input	anim	traversal	draw	sync	issue_cmds	swap	flags
P1-dropdown-to-the-busy-month	1	15	LATE	66.8	0.0	4.0	0.0	46.7	0.0	0.6	15.2	0
P1-dropdown-to-the-busy-month	2	15	LATE	16.7	0.0	4.9	0.0	5.5	0.0	3.0	3.1	0
P1-dropdown-to-the-busy-month	3	15		16.7	0.0	4.2	0.0	5.1	0.0	0.4	6.9	0
P1-dropdown-to-the-busy-month	4	15		16.7	0.0	4.3	0.0	5.0	0.0	0.3	6.9	0
P1-dropdown-to-the-busy-month	5	15		16.8	0.0	4.3	0.0	5.0	0.0	0.3	6.9	0
P1-dropdown-to-the-busy-month	6	15		16.7	0.0	4.7	0.0	4.9	0.0	1.9	5.0	0
P1-dropdown-to-the-busy-month	7	15		16.7	0.0	4.5	0.0	4.7	0.0	0.4	6.9	0
P1-dropdown-to-the-busy-month	8	15		16.8	0.0	4.3	0.0	4.9	0.0	0.5	6.9	0
P1-dropdown-to-the-busy-month	9	15		16.7	0.0	4.3	0.0	5.0	0.0	0.4	6.8	0
P1-dropdown-to-the-busy-month	10	15		16.8	0.0	4.5	0.0	4.7	0.0	0.4	6.9	0
P1-dropdown-to-the-busy-month	11	15		16.8	0.0	4.1	0.0	4.8	0.0	0.4	7.2	0
P1-dropdown-to-the-busy-month	12	15		16.7	0.0	3.8	0.0	4.9	0.0	0.3	7.5	0
P1-dropdown-to-the-busy-month	13	15		16.8	0.0	3.7	0.0	0.7	0.0	0.2	12.0	0
P1-dropdown-to-the-busy-month	14	15	LATE	50.1	0.0	14.1	0.0	19.9	0.0	1.3	14.6	0
P1-dropdown-to-the-busy-month	15	15	LATE	33.4	0.0	13.0	0.0	15.8	0.0	1.2	3.2	0
P2-agenda-busy-month-first-day	1	3	LATE	33.4	0.0	18.7	0.1	10.7	0.1	1.4	2.3	0
P2-agenda-busy-month-first-day	2	3	LATE	31.2	0.0	10.2	0.0	18.3	0.0	1.7	0.8	0
P2-agenda-busy-month-first-day	3	3	LATE	33.4	0.0	0.3	0.0	0.0	0.0	0.3	19.0	0
P3-dropdown-to-the-200-event-day	1	16	LATE	50.1	0.0	3.6	0.0	38.2	0.0	0.7	7.4	0
P3-dropdown-to-the-200-event-day	2	16	LATE	16.7	0.0	3.3	0.0	4.6	0.0	0.5	8.0	0
P3-dropdown-to-the-200-event-day	3	16		16.7	0.0	3.2	0.0	4.2	0.0	0.6	8.6	0
P3-dropdown-to-the-200-event-day	4	16		16.7	0.0	3.5	0.0	4.1	0.0	0.3	8.6	0
P3-dropdown-to-the-200-event-day	5	16		16.8	0.0	2.6	0.0	3.8	0.0	0.3	9.9	0
P3-dropdown-to-the-200-event-day	6	16		16.7	0.0	2.5	0.0	3.5	0.0	0.5	10.1	0
P3-dropdown-to-the-200-event-day	7	16		16.7	0.0	2.5	0.0	3.6	0.0	0.3	10.2	0
P3-dropdown-to-the-200-event-day	8	16		16.7	0.0	2.5	0.0	3.6	0.0	0.5	10.0	0
P3-dropdown-to-the-200-event-day	9	16		16.8	0.0	2.6	0.0	4.1	0.0	0.4	9.5	0
P3-dropdown-to-the-200-event-day	10	16		16.8	0.0	2.5	0.0	3.6	0.0	0.4	10.2	0
P3-dropdown-to-the-200-event-day	11	16		16.7	0.0	2.5	0.0	3.6	0.0	0.4	10.1	0
P3-dropdown-to-the-200-event-day	12	16		16.7	0.0	2.7	0.0	3.7	0.0	0.4	9.8	0
P3-dropdown-to-the-200-event-day	13	16		16.7	0.0	2.8	0.0	0.4	0.0	0.3	13.0	0
P3-dropdown-to-the-200-event-day	14	16	LATE	33.4	0.0	18.2	0.0	10.7	0.0	1.2	3.1	0
P3-dropdown-to-the-200-event-day	15	16	LATE	266.7	0.0	118.7	0.0	136.7	0.0	1.5	9.6	0
P3-dropdown-to-the-200-event-day	16	16		-30916.6	0.0	0.3	0.0	0.0	-31169.7	0.2	11.4	8
P4-week-busiest	1	17	LATE	16.8	0.0	1.1	0.0	5.4	0.0	0.5	9.6	0
P4-week-busiest	2	17		16.7	0.0	1.0	0.0	5.0	0.0	0.5	9.9	0
P4-week-busiest	3	17		16.7	0.0	1.0	0.0	3.8	0.0	0.7	11.0	0
P4-week-busiest	4	17		16.7	0.0	0.9	0.0	2.7	0.0	0.4	12.5	0
P4-week-busiest	5	17		16.7	0.0	1.1	0.0	2.7	0.0	0.4	12.4	0
P4-week-busiest	6	17		16.8	0.0	0.8	0.0	2.8	0.0	0.4	12.6	0
P4-week-busiest	7	17		16.8	0.0	1.2	0.0	2.6	0.0	0.3	12.5	0
P4-week-busiest	8	17		16.7	0.0	1.0	0.0	2.1	0.0	0.3	13.1	0
P4-week-busiest	9	17		16.7	0.0	0.8	0.0	2.0	0.0	0.3	13.4	0
P4-week-busiest	10	17		16.7	0.0	0.9	0.0	2.0	0.0	0.3	13.4	0
P4-week-busiest	11	17		16.7	0.0	1.0	0.0	2.0	0.0	0.3	13.3	0
P4-week-busiest	12	17		16.7	0.0	0.8	0.0	1.8	0.0	0.3	13.7	0
P4-week-busiest	13	17		16.7	0.0	0.9	0.0	0.2	0.0	0.3	15.2	0
P4-week-busiest	14	17		16.7	0.0	0.7	0.0	0.3	0.0	0.5	15.1	0
P4-week-busiest	15	17	LATE	66.7	0.0	33.0	0.0	25.1	0.1	0.8	7.7	0
P4-week-busiest	16	17	LATE	33.5	0.0	15.9	0.0	9.5	0.0	1.4	6.5	0
P4-week-busiest	17	17	LATE	16.8	0.0	0.9	0.0	1.0	0.0	0.3	14.4	0
P5-swipe-01	1	31	LATE	33.4	0.8	7.5	0.1	23.1	0.0	1.1	0.7	0
P5-swipe-01	2	31		38.2	0.5	4.9	0.0	0.2	0.0	1.5	15.8	0
P5-swipe-01	3	31		20.4	0.6	3.2	0.0	0.2	0.0	0.4	15.7	0
P5-swipe-01	4	31		20.8	0.5	2.3	0.0	0.2	0.0	0.3	17.3	0
P5-swipe-01	5	31		21.1	0.7	2.4	0.0	0.2	0.0	0.4	17.3	0
P5-swipe-01	6	31		20.7	0.7	2.8	0.0	0.3	0.0	0.4	16.4	0
P5-swipe-01	7	31		20.4	0.5	2.6	0.0	0.2	0.0	0.3	16.7	0
P5-swipe-01	8	31		20.8	0.5	2.2	0.0	0.2	0.0	0.3	17.3	0
P5-swipe-01	9	31		20.3	0.5	2.2	0.0	0.2	0.0	0.3	16.9	0
P5-swipe-01	10	31		20.0	0.5	2.1	0.0	0.2	0.0	0.4	16.6	0
P5-swipe-01	11	31		20.0	0.6	1.8	0.0	0.2	0.0	0.3	16.9	0
P5-swipe-01	12	31		21.0	0.4	1.8	0.0	0.2	0.0	0.4	18.0	0
P5-swipe-01	13	31		19.6	0.4	1.7	0.0	0.2	0.0	1.6	15.5	0
P5-swipe-01	14	31	LATE	33.4	0.4	1.5	0.0	0.2	0.0	0.3	30.7	0
P5-swipe-01	15	31	LATE	16.7	0.0	0.7	0.0	0.3	0.0	0.5	15.1	0
P5-swipe-01	16	31		16.7	0.0	0.5	0.0	0.3	0.0	0.4	15.5	0
P5-swipe-01	17	31		16.7	0.0	0.5	0.0	0.2	0.0	0.4	15.4	0
P5-swipe-01	18	31		16.7	0.0	0.8	0.0	0.4	0.0	0.3	15.1	0
P5-swipe-01	19	31		16.7	0.0	0.5	0.0	0.3	0.0	0.3	15.5	0
P5-swipe-01	20	31		16.7	0.0	0.5	0.0	0.2	0.0	0.3	15.5	0
P5-swipe-01	21	31		16.7	0.0	0.6	0.0	0.3	0.0	0.4	15.3	0
P5-swipe-01	22	31		16.7	0.0	0.5	0.0	0.2	0.0	0.3	15.5	0
P5-swipe-01	23	31		16.7	0.0	0.5	0.0	0.2	0.0	0.3	15.5	0
P5-swipe-01	24	31		16.7	0.0	0.5	0.0	0.2	0.0	0.4	15.4	0
P5-swipe-01	25	31		16.7	0.0	0.5	0.0	0.3	0.0	0.4	15.3	0
P5-swipe-01	26	31		16.7	0.0	0.5	0.0	0.2	0.0	0.3	15.6	0
P5-swipe-01	27	31		16.8	0.0	0.4	0.0	0.2	0.0	0.2	15.8	0
P5-swipe-01	28	31		16.7	0.0	0.4	0.0	0.2	0.0	0.6	15.3	0
P5-swipe-01	29	31		16.7	0.0	0.7	0.0	0.2	0.0	0.3	15.3	0
P5-swipe-01	30	31		16.7	0.0	10.4	0.0	3.2	0.0	0.5	2.4	0
P5-swipe-01	31	31	LATE	33.4	0.0	12.0	0.0	9.4	0.0	0.4	11.4	0
P5-swipe-02	1	32	LATE	27.9	0.7	4.4	0.0	19.8	0.0	0.4	2.4	0
P5-swipe-02	2	32		19.3	0.4	1.6	0.0	0.2	0.0	0.3	8.2	0
P5-swipe-02	3	32		19.3	0.4	1.4	0.0	0.2	0.0	0.3	16.8	0
P5-swipe-02	4	32		19.3	0.4	1.4	0.0	0.2	0.0	0.3	16.9	0
P5-swipe-02	5	32		19.4	0.4	1.4	0.0	0.2	0.0	0.3	16.9	0
P5-swipe-02	6	32		20.0	0.4	1.4	0.0	0.2	0.0	0.3	17.5	0
P5-swipe-02	7	32		19.6	0.5	1.8	0.0	0.2	0.0	0.4	16.5	0
P5-swipe-02	8	32		19.9	0.5	1.6	0.0	0.2	0.0	0.3	17.1	0
P5-swipe-02	9	32		20.2	0.6	1.7	0.0	0.2	0.0	0.3	17.2	0
P5-swipe-02	10	32		19.3	0.6	2.1	0.0	0.2	0.0	0.2	16.0	0
P5-swipe-02	11	32		20.1	0.4	1.3	0.0	0.2	0.0	0.3	17.6	0
P5-swipe-02	12	32		20.0	0.5	2.1	0.0	0.2	0.0	0.2	16.8	0
P5-swipe-02	13	32		19.4	0.6	1.7	0.0	0.2	0.0	0.3	16.3	0
P5-swipe-02	14	32		19.3	0.4	1.5	0.0	0.2	0.0	0.2	16.8	0
P5-swipe-02	15	32	LATE	33.4	0.4	1.5	0.0	0.1	0.0	0.3	30.9	0
P5-swipe-02	16	32	LATE	16.8	0.0	0.4	0.0	0.3	0.0	0.5	15.5	0
P5-swipe-02	17	32		16.8	0.0	0.4	0.0	0.1	0.0	0.4	15.7	0
P5-swipe-02	18	32		16.8	0.0	0.4	0.0	0.1	0.0	0.5	15.5	0
P5-swipe-02	19	32		16.8	0.0	0.4	0.0	0.2	0.0	0.3	15.7	0
P5-swipe-02	20	32		16.8	0.0	0.4	0.0	0.1	0.0	0.4	15.7	0
P5-swipe-02	21	32		16.8	0.0	0.9	0.0	0.3	0.0	0.4	13.2	0
P5-swipe-02	22	32		16.8	0.0	0.6	0.0	0.4	0.0	0.5	15.1	0
P5-swipe-02	23	32		16.7	0.0	0.6	0.0	0.2	0.0	0.4	15.3	0
P5-swipe-02	24	32		16.8	0.0	0.5	0.0	0.2	0.0	0.3	15.7	0
P5-swipe-02	25	32		16.7	0.0	0.8	0.0	0.2	0.0	0.4	15.1	0
P5-swipe-02	26	32		16.7	0.0	0.8	0.0	0.2	0.0	0.3	15.3	0
P5-swipe-02	27	32		16.7	0.0	0.5	0.0	0.2	0.0	0.4	15.5	0
P5-swipe-02	28	32		16.7	0.0	0.4	0.0	0.2	0.0	0.3	15.7	0
P5-swipe-02	29	32		16.7	0.0	0.5	0.0	0.2	0.0	0.3	15.6	0
P5-swipe-02	30	32		16.7	0.0	0.4	0.0	0.2	0.0	0.3	15.6	0
P5-swipe-02	31	32		16.7	0.0	10.6	0.0	3.5	0.0	0.6	1.8	0
P5-swipe-02	32	32		16.7	0.0	4.2	0.0	2.7	0.0	0.3	8.4	0
P5-swipe-03	1	32	LATE	28.0	0.8	4.2	0.0	18.8	0.0	0.4	3.6	0
P5-swipe-03	2	32		19.2	0.4	1.5	0.0	0.1	0.0	0.4	8.2	0
P5-swipe-03	3	32		19.9	0.5	1.3	0.0	0.1	0.0	0.2	17.5	0
P5-swipe-03	4	32		19.3	0.7	1.5	0.0	0.1	0.0	0.3	16.4	0
P5-swipe-03	5	32		19.3	0.4	1.3	0.0	0.1	0.0	0.3	17.0	0
P5-swipe-03	6	32		19.2	0.4	1.4	0.0	0.1	0.0	0.3	16.7	0
P5-swipe-03	7	32		19.6	0.4	1.3	0.0	0.1	0.0	0.2	17.3	0
P5-swipe-03	8	32		19.3	0.5	1.5	0.0	0.1	0.0	0.3	16.7	0
P5-swipe-03	9	32		19.3	0.5	1.3	0.0	0.1	0.0	0.2	17.0	0
P5-swipe-03	10	32		19.1	0.5	1.4	0.0	0.1	0.0	0.2	16.6	0
P5-swipe-03	11	32		19.5	0.4	1.3	0.0	0.1	0.0	0.2	17.4	0
P5-swipe-03	12	32		19.4	0.6	1.4	0.0	0.1	0.0	0.3	16.8	0
P5-swipe-03	13	32		19.2	0.5	1.5	0.0	0.1	0.0	0.2	16.7	0
P5-swipe-03	14	32		19.1	0.5	1.3	0.0	0.1	0.0	0.3	16.7	0
P5-swipe-03	15	32	LATE	33.4	0.4	1.3	0.0	0.1	0.0	0.3	31.2	0
P5-swipe-03	16	32	LATE	16.7	0.0	0.5	0.0	0.2	0.0	0.4	15.5	0
P5-swipe-03	17	32		16.7	0.0	0.5	0.0	0.2	0.0	0.4	15.5	0
P5-swipe-03	18	32		16.7	0.0	0.6	0.0	0.1	0.0	0.3	15.4	0
P5-swipe-03	19	32		16.7	0.0	0.5	0.0	0.2	0.0	0.3	15.5	0
P5-swipe-03	20	32		16.7	0.0	0.7	0.0	0.2	0.0	0.4	15.2	0
P5-swipe-03	21	32		16.8	0.0	0.4	0.0	0.1	0.0	0.3	15.8	0
P5-swipe-03	22	32		16.7	0.0	0.5	0.0	0.2	0.0	0.4	15.5	0
P5-swipe-03	23	32		16.7	0.0	0.4	0.0	0.1	0.0	0.4	15.7	0
P5-swipe-03	24	32		16.7	0.0	0.6	0.0	0.2	0.0	0.3	15.4	0
P5-swipe-03	25	32		16.7	0.0	0.6	0.0	0.2	0.0	0.3	15.4	0
P5-swipe-03	26	32		16.7	0.0	0.5	0.0	0.2	0.0	0.3	15.6	0
P5-swipe-03	27	32		16.7	0.0	0.4	0.0	0.1	0.0	0.3	15.8	0
P5-swipe-03	28	32		16.7	0.0	0.4	0.0	0.1	0.0	0.3	15.7	0
P5-swipe-03	29	32		16.7	0.0	0.6	0.0	0.1	0.0	0.3	15.6	0
P5-swipe-03	30	32		16.7	0.0	0.7	0.0	0.2	0.0	0.3	15.4	0
P5-swipe-03	31	32	LATE	33.4	0.0	9.0	0.0	12.5	0.0	1.5	10.2	0
P5-swipe-03	32	32	LATE	33.4	0.0	11.1	0.0	9.7	0.0	0.4	12.0	0
P5-swipe-04	1	33	LATE	23.8	0.6	3.7	0.0	16.9	0.0	0.5	2.0	0
P5-swipe-04	2	33		19.0	0.5	1.2	0.0	0.1	0.0	0.3	12.1	0
P5-swipe-04	3	33		19.0	0.5	1.1	0.0	0.1	0.0	0.3	16.8	0
P5-swipe-04	4	33		19.0	0.4	1.2	0.0	0.1	0.0	0.3	16.9	0
P5-swipe-04	5	33		19.4	0.4	1.1	0.0	0.1	0.0	0.3	17.3	0
P5-swipe-04	6	33		19.9	0.4	1.4	0.0	0.2	0.0	0.3	17.4	0
P5-swipe-04	7	33		19.8	0.7	1.5	0.0	0.2	0.0	0.3	16.8	0
P5-swipe-04	8	33		20.1	0.8	1.5	0.0	0.2	0.0	0.3	17.2	0
P5-swipe-04	9	33		19.4	0.7	1.7	0.0	0.2	0.0	0.3	16.2	0
P5-swipe-04	10	33		19.5	0.5	1.4	0.0	0.2	0.0	0.2	17.0	0
P5-swipe-04	11	33		19.1	0.5	1.5	0.0	0.2	0.0	0.2	16.5	0
P5-swipe-04	12	33		19.3	0.5	1.2	0.0	0.1	0.0	0.2	17.1	0
P5-swipe-04	13	33		19.0	0.5	1.3	0.0	0.1	0.0	0.2	16.8	0
P5-swipe-04	14	33		19.0	0.3	1.3	0.0	0.2	0.0	0.2	16.9	0
P5-swipe-04	15	33		19.2	0.3	1.3	0.0	0.1	0.0	0.2	17.1	0
P5-swipe-04	16	33	LATE	33.4	0.5	1.3	0.0	0.1	0.0	0.3	31.0	0
P5-swipe-04	17	33	LATE	16.7	0.0	1.0	0.0	0.2	0.0	0.4	14.9	0
P5-swipe-04	18	33		16.8	0.0	0.5	0.0	0.2	0.0	0.4	15.6	0
P5-swipe-04	19	33		16.7	0.0	0.5	0.0	0.2	0.0	0.5	15.2	0
P5-swipe-04	20	33		16.7	0.0	0.6	0.0	0.2	0.0	0.5	15.3	0
P5-swipe-04	21	33		16.7	0.0	0.8	0.0	0.2	0.0	0.4	15.1	0
P5-swipe-04	22	33		16.7	0.0	0.5	0.0	0.2	0.0	0.3	15.5	0
P5-swipe-04	23	33		16.7	0.0	0.5	0.0	0.2	0.0	0.3	15.6	0
P5-swipe-04	24	33		16.7	0.0	0.5	0.0	0.2	0.0	0.4	15.4	0
P5-swipe-04	25	33		16.7	0.0	0.5	0.0	0.2	0.0	0.4	15.4	0
P5-swipe-04	26	33		16.7	0.0	0.4	0.0	0.2	0.0	0.3	15.6	0
P5-swipe-04	27	33		16.7	0.0	0.5	0.0	0.2	0.0	0.4	15.4	0
P5-swipe-04	28	33		16.7	0.0	0.5	0.0	0.2	0.0	0.5	15.3	0
P5-swipe-04	29	33		16.7	0.0	0.4	0.0	0.2	0.0	0.3	15.6	0
P5-swipe-04	30	33		16.7	0.0	0.4	0.0	0.2	0.0	0.3	15.6	0
P5-swipe-04	31	33		16.7	0.0	0.4	0.0	0.2	0.0	0.3	15.7	0
P5-swipe-04	32	33		16.7	0.0	8.8	0.0	3.3	0.0	0.5	3.9	0
P5-swipe-04	33	33	LATE	33.4	0.0	9.3	0.0	8.2	0.0	0.3	15.4	0
P5-swipe-05	1	32	LATE	22.3	0.6	3.5	0.0	15.9	0.0	0.4	1.7	0
P5-swipe-05	2	32		19.1	0.4	1.1	0.0	0.1	0.0	0.3	13.6	0
P5-swipe-05	3	32		19.1	0.5	1.2	0.0	0.1	0.0	0.3	16.9	0
P5-swipe-05	4	32		19.0	0.4	1.2	0.0	0.1	0.0	0.3	16.9	0
P5-swipe-05	5	32		19.2	0.4	1.2	0.0	0.2	0.0	0.3	17.0	0
P5-swipe-05	6	32		18.8	0.4	1.2	0.0	0.1	0.0	0.3	16.6	0
P5-swipe-05	7	32		19.4	0.4	1.1	0.0	0.1	0.0	0.2	17.4	0
P5-swipe-05	8	32		19.2	0.5	1.4	0.0	0.2	0.0	0.3	16.8	0
P5-swipe-05	9	32		19.2	0.5	1.3	0.0	0.1	0.0	0.2	16.9	0
P5-swipe-05	10	32		19.4	0.4	1.5	0.0	0.1	0.0	0.2	17.1	0
P5-swipe-05	11	32		19.0	0.4	1.5	0.0	0.1	0.0	0.3	16.5	0
P5-swipe-05	12	32		19.0	0.4	1.3	0.0	0.1	0.0	0.2	16.9	0
P5-swipe-05	13	32		19.1	0.4	1.2	0.0	0.1	0.0	0.2	16.9	0
P5-swipe-05	14	32		18.9	0.5	1.2	0.0	0.1	0.0	0.2	16.7	0
P5-swipe-05	15	32	LATE	33.4	0.4	1.2	0.0	0.1	0.0	0.3	31.3	0
P5-swipe-05	16	32	LATE	16.8	0.0	0.6	0.0	0.2	0.0	0.4	15.2	0
P5-swipe-05	17	32		16.8	0.0	0.7	0.0	0.2	0.0	0.4	15.1	0
P5-swipe-05	18	32		16.8	0.0	0.5	0.0	0.2	0.0	0.3	15.5	0
P5-swipe-05	19	32		16.7	0.0	0.4	0.0	0.1	0.0	0.4	15.5	0
P5-swipe-05	20	32		16.7	0.0	0.4	0.0	0.1	0.0	0.4	15.6	0
P5-swipe-05	21	32		16.7	0.0	0.3	0.0	0.1	0.0	0.4	15.7	0
P5-swipe-05	22	32		16.7	0.0	0.4	0.0	0.1	0.0	0.3	15.7	0
P5-swipe-05	23	32		16.7	0.0	0.4	0.0	0.1	0.0	0.2	15.8	0
P5-swipe-05	24	32		16.7	0.0	0.3	0.0	0.1	0.0	0.3	15.8	0
P5-swipe-05	25	32		16.8	0.0	0.4	0.0	0.1	0.0	0.3	15.8	0
P5-swipe-05	26	32		16.8	0.0	0.6	0.0	0.1	0.0	0.2	15.6	0
P5-swipe-05	27	32		16.7	0.0	0.3	0.0	0.1	0.0	0.2	15.9	0
P5-swipe-05	28	32		16.7	0.0	0.4	0.0	0.2	0.0	0.3	15.7	0
P5-swipe-05	29	32		16.7	0.0	0.4	0.0	0.1	0.0	0.4	15.7	0
P5-swipe-05	30	32		16.7	0.0	0.4	0.0	0.1	0.0	0.3	15.7	0
P5-swipe-05	31	32		16.7	0.0	8.4	0.0	2.9	0.0	0.5	4.7	0
P5-swipe-05	32	32	LATE	33.4	0.0	9.1	0.0	8.4	0.0	0.4	15.3	0
P5-swipe-06	1	33	LATE	23.6	0.5	3.6	0.0	17.1	0.0	0.5	1.6	0
P5-swipe-06	2	33		19.4	0.4	1.1	0.0	0.1	0.0	0.2	12.6	0
P5-swipe-06	3	33		18.6	0.6	1.4	0.0	0.2	0.0	0.2	16.0	0
P5-swipe-06	4	33		18.5	0.3	1.0	0.0	0.1	0.0	0.2	16.7	0
P5-swipe-06	5	33		19.1	0.3	0.9	0.0	0.1	0.0	0.3	17.4	0
P5-swipe-06	6	33		18.8	0.4	1.3	0.0	0.2	0.0	0.2	16.6	0
P5-swipe-06	7	33		18.6	0.4	1.0	0.0	0.1	0.0	0.2	16.7	0
P5-swipe-06	8	33		19.1	0.4	0.9	0.0	0.1	0.0	0.3	17.3	0
P5-swipe-06	9	33		18.9	0.5	1.3	0.0	0.1	0.0	0.2	16.6	0
P5-swipe-06	10	33		18.7	0.5	1.0	0.0	0.1	0.0	0.2	16.7	0
P5-swipe-06	11	33		18.7	0.5	0.9	0.0	0.1	0.0	0.2	16.8	0
P5-swipe-06	12	33		18.8	0.4	0.8	0.0	0.1	0.0	0.3	17.0	0
P5-swipe-06	13	33		18.6	0.4	1.0	0.0	0.1	0.0	0.2	16.8	0
P5-swipe-06	14	33		19.4	0.4	0.7	0.0	0.1	0.0	0.3	17.7	0
P5-swipe-06	15	33		18.8	0.6	1.3	0.0	0.2	0.0	0.3	16.3	0
P5-swipe-06	16	33	LATE	33.4	0.4	0.9	0.0	0.1	0.0	0.2	31.5	0
P5-swipe-06	17	33	LATE	16.7	0.0	0.5	0.0	0.2	0.0	0.4	15.5	0
P5-swipe-06	18	33		16.7	0.0	0.7	0.0	0.1	0.0	0.3	15.4	0
P5-swipe-06	19	33		16.8	0.0	0.5	0.0	0.2	0.0	0.4	15.6	0
P5-swipe-06	20	33		16.7	0.0	0.6	0.0	0.2	0.0	0.4	15.2	0
P5-swipe-06	21	33		16.7	0.0	0.6	0.0	0.2	0.0	0.4	15.3	0
P5-swipe-06	22	33		16.7	0.0	0.6	0.0	0.3	0.0	0.4	15.2	0
P5-swipe-06	23	33		16.7	0.0	0.5	0.0	0.2	0.0	0.4	15.4	0
P5-swipe-06	24	33		16.7	0.0	0.9	0.0	0.2	0.0	0.3	15.2	0
P5-swipe-06	25	33		16.7	0.0	0.4	0.0	0.1	0.0	0.4	15.6	0
P5-swipe-06	26	33		16.7	0.0	0.4	0.0	0.1	0.0	0.3	15.7	0
P5-swipe-06	27	33		16.7	0.0	0.4	0.0	0.1	0.0	0.3	15.7	0
P5-swipe-06	28	33		16.7	0.0	0.7	0.1	0.4	0.1	0.4	14.9	0
P5-swipe-06	29	33		16.7	0.0	0.5	0.0	0.1	0.0	0.3	15.6	0
P5-swipe-06	30	33		16.7	0.0	0.5	0.0	0.2	0.0	0.3	15.6	0
P5-swipe-06	31	33		16.7	0.0	0.5	0.0	0.2	0.0	0.4	15.4	0
P5-swipe-06	32	33		16.7	0.0	8.4	0.0	3.3	0.0	0.5	4.3	0
P5-swipe-06	33	33		16.8	0.0	6.5	0.0	5.7	0.0	0.3	4.0	0
P5-swipe-07	1	32	LATE	24.2	0.4	3.3	0.0	17.8	0.0	0.4	2.1	0
P5-swipe-07	2	32		19.0	0.5	1.2	0.1	0.1	0.0	0.3	11.6	0
P5-swipe-07	3	32		18.9	0.4	1.0	0.0	0.1	0.0	0.3	16.9	0
P5-swipe-07	4	32		18.8	0.4	0.9	0.0	0.1	0.0	0.3	16.8	0
P5-swipe-07	5	32		19.2	0.4	0.9	0.0	0.1	0.0	0.3	17.3	0
P5-swipe-07	6	32		19.0	0.5	1.3	0.0	0.1	0.0	0.3	16.6	0
P5-swipe-07	7	32		19.1	0.5	1.1	0.0	0.1	0.0	0.2	17.0	0
P5-swipe-07	8	32		18.9	0.5	1.0	0.0	0.1	0.0	0.3	16.7	0
P5-swipe-07	9	32		19.5	0.5	1.0	0.0	0.1	0.0	0.3	17.6	0
P5-swipe-07	10	32		18.8	0.7	1.2	0.0	0.1	0.0	0.3	16.3	0
P5-swipe-07	11	32		18.5	0.5	0.9	0.0	0.1	0.0	0.3	16.6	0
P5-swipe-07	12	32		18.7	0.3	0.8	0.0	0.1	0.0	0.3	17.0	0
P5-swipe-07	13	32		19.0	0.4	0.8	0.0	0.1	0.0	0.3	17.2	0
P5-swipe-07	14	32		18.7	0.5	1.1	0.0	0.1	0.0	0.3	16.7	0
P5-swipe-07	15	32	LATE	33.4	0.3	1.0	0.0	0.1	0.0	0.3	31.6	0
P5-swipe-07	16	32	LATE	16.8	0.0	0.7	0.0	0.2	0.0	0.5	15.1	0
P5-swipe-07	17	32		16.7	0.0	0.5	0.0	0.2	0.0	0.5	15.4	0
P5-swipe-07	18	32		16.7	0.0	0.5	0.0	0.1	0.0	0.5	15.4	0
P5-swipe-07	19	32		16.8	0.0	0.4	0.0	0.2	0.0	0.5	15.5	0
P5-swipe-07	20	32		16.8	0.0	0.7	0.0	0.2	0.0	0.5	15.1	0
P5-swipe-07	21	32		16.7	0.0	0.7	0.0	0.2	0.0	0.4	15.1	0
P5-swipe-07	22	32		16.8	0.0	0.8	0.0	0.3	0.0	0.4	15.0	0
P5-swipe-07	23	32		16.8	0.0	0.7	0.0	0.3	0.0	0.5	15.0	0
P5-swipe-07	24	32		16.8	0.0	0.8	0.0	0.2	0.0	0.5	15.0	0
P5-swipe-07	25	32		16.7	0.0	0.7	0.0	0.2	0.0	0.4	15.2	0
P5-swipe-07	26	32		16.7	0.0	0.5	0.0	0.2	0.0	0.4	15.4	0
P5-swipe-07	27	32		16.7	0.0	0.4	0.0	0.1	0.0	0.4	15.6	0
P5-swipe-07	28	32		16.7	0.0	0.4	0.0	0.1	0.0	0.5	15.5	0
P5-swipe-07	29	32		16.7	0.0	0.3	0.0	0.1	0.0	0.4	15.7	0
P5-swipe-07	30	32		16.7	0.0	0.4	0.0	0.1	0.0	0.3	15.8	0
P5-swipe-07	31	32	LATE	33.4	0.0	7.3	0.0	10.4	0.0	1.2	14.3	0
P5-swipe-07	32	32		16.7	0.0	5.5	0.0	5.3	0.0	0.3	5.5	0
P5-swipe-08	1	33	LATE	30.3	0.5	3.7	0.0	22.5	0.0	0.4	3.1	0
P5-swipe-08	2	33		18.8	0.9	1.3	0.0	0.1	0.0	0.3	5.5	0
P5-swipe-08	3	33		19.6	0.3	0.9	0.0	0.2	0.0	0.3	17.7	0
P5-swipe-08	4	33		19.0	0.6	1.3	0.0	0.1	0.0	0.4	16.3	0
P5-swipe-08	5	33		19.0	0.4	1.0	0.0	0.1	0.0	0.3	17.0	0
P5-swipe-08	6	33		19.5	0.5	1.0	0.0	0.1	0.0	0.3	17.4	0
P5-swipe-08	7	33		19.3	0.6	1.2	0.0	0.1	0.0	0.4	16.7	0
P5-swipe-08	8	33		18.7	0.6	1.0	0.0	0.1	0.0	0.3	16.4	0
P5-swipe-08	9	33		18.9	0.4	0.9	0.0	0.1	0.0	0.2	17.0	0
P5-swipe-08	10	33		18.8	0.4	0.9	0.0	0.1	0.0	0.3	16.9	0
P5-swipe-08	11	33		19.3	0.4	0.9	0.0	0.1	0.0	0.3	17.4	0
P5-swipe-08	12	33		18.7	0.4	0.9	0.0	0.1	0.0	0.2	16.8	0
P5-swipe-08	13	33		18.7	0.4	0.9	0.0	0.1	0.0	0.2	16.9	0
P5-swipe-08	14	33		18.8	0.4	0.9	0.0	0.1	0.0	0.2	17.0	0
P5-swipe-08	15	33		18.8	0.5	0.9	0.0	0.1	0.0	0.3	16.9	0
P5-swipe-08	16	33	LATE	33.4	0.4	0.9	0.0	0.1	0.0	0.3	31.5	0
P5-swipe-08	17	33	LATE	16.8	0.0	0.5	0.0	0.2	0.0	0.4	15.5	0
P5-swipe-08	18	33		16.7	0.0	0.7	0.0	0.3	0.0	0.4	15.0	0
P5-swipe-08	19	33		16.8	0.0	0.6	0.0	0.2	0.0	0.3	15.4	0
P5-swipe-08	20	33		16.7	0.0	0.9	0.0	0.1	0.0	0.3	15.2	0
P5-swipe-08	21	33		16.7	0.0	0.4	0.0	0.2	0.0	0.4	15.5	0
P5-swipe-08	22	33		16.7	0.0	0.4	0.0	0.2	0.0	0.3	15.7	0
P5-swipe-08	23	33		16.7	0.0	0.6	0.0	0.1	0.0	0.3	15.5	0
P5-swipe-08	24	33		16.7	0.0	0.6	0.0	0.2	0.0	0.3	15.4	0
P5-swipe-08	25	33		16.7	0.0	0.5	0.0	0.2	0.0	0.3	15.6	0
P5-swipe-08	26	33		16.7	0.0	0.4	0.0	0.2	0.0	0.3	15.7	0
P5-swipe-08	27	33		16.7	0.0	0.6	0.0	0.2	0.0	0.3	15.5	0
P5-swipe-08	28	33		16.7	0.0	0.6	0.0	0.1	0.0	0.3	15.5	0
P5-swipe-08	29	33		16.7	0.0	0.4	0.0	0.2	0.0	0.3	15.7	0
P5-swipe-08	30	33		16.7	0.0	0.4	0.0	0.2	0.0	0.3	15.6	0
P5-swipe-08	31	33		16.8	0.0	0.6	0.0	0.2	0.0	0.4	15.4	0
P5-swipe-08	32	33		16.7	0.0	7.2	0.0	3.3	0.0	0.5	5.5	0
P5-swipe-08	33	33	LATE	33.4	0.0	8.8	0.0	8.4	0.0	0.4	15.6	0
P5-swipe-09	1	32	LATE	23.0	0.6	3.3	0.0	16.9	0.0	0.5	1.5	0
P5-swipe-09	2	32		18.6	0.4	0.8	0.0	0.1	0.0	0.3	12.5	0
P5-swipe-09	3	32		18.6	0.3	0.8	0.0	0.1	0.0	0.3	16.9	0
P5-swipe-09	4	32		18.6	0.3	0.8	0.0	0.1	0.0	0.2	17.0	0
P5-swipe-09	5	32		19.8	0.4	0.8	0.0	0.1	0.0	0.3	18.1	0
P5-swipe-09	6	32		19.2	0.6	1.4	0.0	0.2	0.0	0.4	16.4	0
P5-swipe-09	7	32		18.8	0.6	1.1	0.0	0.1	0.0	0.2	16.4	0
P5-swipe-09	8	32		18.6	0.4	0.9	0.0	0.1	0.0	0.3	16.7	0
P5-swipe-09	9	32		19.1	0.4	0.8	0.0	0.1	0.0	0.2	17.4	0
P5-swipe-09	10	32		18.8	0.5	1.0	0.0	0.1	0.0	0.3	16.6	0
P5-swipe-09	11	32		19.2	0.4	0.9	0.0	0.1	0.0	0.3	17.3	0
P5-swipe-09	12	32		18.8	0.4	1.3	0.0	0.1	0.0	0.3	16.5	0
P5-swipe-09	13	32		18.8	0.4	0.9	0.0	0.1	0.0	0.3	17.0	0
P5-swipe-09	14	32		18.7	0.4	0.9	0.0	0.1	0.0	0.3	16.8	0
P5-swipe-09	15	32	LATE	33.4	0.3	0.9	0.0	0.1	0.0	0.3	31.6	0
P5-swipe-09	16	32	LATE	16.8	0.0	0.7	0.0	0.2	0.0	0.4	15.3	0
P5-swipe-09	17	32		16.7	0.0	0.4	0.0	0.1	0.0	0.3	15.6	0
P5-swipe-09	18	32		16.7	0.0	0.4	0.0	0.2	0.0	0.4	15.7	0
P5-swipe-09	19	32		16.8	0.0	0.6	0.0	0.2	0.0	0.4	15.4	0
P5-swipe-09	20	32		16.7	0.0	0.5	0.0	0.2	0.0	0.4	15.5	0
P5-swipe-09	21	32		16.7	0.0	0.5	0.0	0.1	0.0	0.3	15.6	0
P5-swipe-09	22	32		16.7	0.0	0.4	0.0	0.1	0.0	0.3	15.6	0
P5-swipe-09	23	32		16.7	0.0	0.4	0.0	0.1	0.0	0.3	15.7	0
P5-swipe-09	24	32		16.7	0.0	0.5	0.0	0.1	0.0	0.3	15.6	0
P5-swipe-09	25	32		16.7	0.0	0.5	0.0	0.2	0.0	0.3	15.6	0
P5-swipe-09	26	32		16.7	0.0	0.4	0.0	0.1	0.0	0.3	15.7	0
P5-swipe-09	27	32		16.8	0.0	0.4	0.0	0.1	0.0	0.3	15.8	0
P5-swipe-09	28	32		16.7	0.0	0.5	0.0	0.2	0.0	0.3	15.6	0
P5-swipe-09	29	32		16.7	0.0	0.5	0.0	0.1	0.0	0.3	15.6	0
P5-swipe-09	30	32		16.7	0.0	0.4	0.0	0.1	0.0	0.3	15.8	0
P5-swipe-09	31	32		16.7	0.0	7.8	0.0	3.2	0.0	0.6	5.0	0
P5-swipe-09	32	32	LATE	33.4	0.0	8.9	0.0	8.6	0.0	0.3	15.4	0
P5-swipe-10	1	32	LATE	22.7	0.6	3.2	0.0	16.2	0.0	0.5	2.0	0
P5-swipe-10	2	32		19.0	0.6	1.0	0.0	0.1	0.0	0.3	13.2	0
P5-swipe-10	3	32		18.9	0.4	1.0	0.0	0.1	0.0	0.3	16.8	0
P5-swipe-10	4	32		18.9	0.4	1.0	0.0	0.1	0.0	0.3	16.9	0
P5-swipe-10	5	32		18.9	0.4	1.0	0.0	0.1	0.0	0.3	16.8	0
P5-swipe-10	6	32		18.9	0.5	0.9	0.0	0.1	0.0	0.3	16.9	0
P5-swipe-10	7	32		19.0	0.4	1.0	0.0	0.1	0.0	0.3	17.0	0
P5-swipe-10	8	32		18.8	0.4	1.1	0.0	0.2	0.0	0.2	16.7	0
P5-swipe-10	9	32		18.8	0.4	0.9	0.0	0.1	0.0	0.3	16.9	0
P5-swipe-10	10	32		18.8	0.3	1.0	0.0	0.1	0.0	0.3	16.9	0
P5-swipe-10	11	32		18.7	0.4	1.0	0.0	0.1	0.0	0.3	16.9	0
P5-swipe-10	12	32		19.0	0.4	0.9	0.0	0.1	0.0	0.3	17.1	0
P5-swipe-10	13	32		18.9	0.4	1.1	0.0	0.1	0.0	0.3	16.8	0
P5-swipe-10	14	32		18.9	0.5	0.9	0.0	0.1	0.0	0.3	16.9	0
P5-swipe-10	15	32	LATE	33.4	0.5	0.9	0.0	0.1	0.0	0.3	31.4	0
P5-swipe-10	16	32	LATE	16.7	0.0	0.4	0.0	0.2	0.0	0.4	15.6	0
P5-swipe-10	17	32		16.7	0.0	0.4	0.0	0.1	0.0	0.4	15.6	0
P5-swipe-10	18	32		16.7	0.0	0.3	0.0	0.1	0.0	0.3	15.8	0
P5-swipe-10	19	32		16.7	0.0	0.4	0.0	0.1	0.0	0.3	15.8	0
P5-swipe-10	20	32		16.7	0.0	0.5	0.0	0.2	0.0	0.4	15.5	0
P5-swipe-10	21	32		16.7	0.0	0.4	0.0	0.1	0.0	0.4	15.7	0
P5-swipe-10	22	32		16.8	0.0	0.5	0.0	0.2	0.0	0.4	15.4	0
P5-swipe-10	23	32		16.7	0.0	0.5	0.0	0.2	0.0	0.5	15.3	0
P5-swipe-10	24	32		16.7	0.0	0.4	0.0	0.1	0.0	0.4	15.7	0
P5-swipe-10	25	32		16.7	0.0	0.7	0.0	0.2	0.0	0.4	15.3	0
P5-swipe-10	26	32		16.7	0.0	0.3	0.0	0.1	0.0	0.4	15.7	0
P5-swipe-10	27	32		16.7	0.0	0.3	0.0	0.1	0.0	0.3	15.8	0
P5-swipe-10	28	32		16.7	0.0	0.5	0.0	0.2	0.0	0.4	15.4	0
P5-swipe-10	29	32		16.7	0.0	0.6	0.0	0.2	0.0	0.4	15.4	0
P5-swipe-10	30	32		16.7	0.0	0.4	0.0	0.1	0.0	0.3	15.7	0
P5-swipe-10	31	32		16.7	0.0	8.0	0.0	3.1	0.0	0.5	4.9	0
P5-swipe-10	32	32	LATE	33.4	0.0	8.5	0.0	8.1	0.0	0.4	16.2	0
P5-swipe-11	1	33	LATE	21.6	0.5	3.2	0.0	15.6	0.0	0.4	1.8	0
P5-swipe-11	2	33		18.8	0.4	1.0	0.0	0.1	0.0	0.3	14.1	0
P5-swipe-11	3	33		18.8	0.4	0.8	0.0	0.1	0.0	0.3	16.8	0
P5-swipe-11	4	33		18.6	0.4	0.9	0.0	0.1	0.0	0.3	16.8	0
P5-swipe-11	5	33		18.6	0.4	0.8	0.0	0.1	0.0	0.3	16.8	0
P5-swipe-11	6	33		20.2	0.3	0.8	0.0	0.1	0.0	0.2	18.5	0
P5-swipe-11	7	33		19.2	0.3	1.2	0.0	0.1	0.0	0.3	15.9	0
P5-swipe-11	8	33		18.8	0.5	1.1	0.0	0.1	0.0	0.3	16.5	0
P5-swipe-11	9	33		19.2	0.4	1.0	0.0	0.1	0.0	0.2	17.3	0
P5-swipe-11	10	33		18.6	0.6	1.1	0.0	0.1	0.0	0.3	16.4	0
P5-swipe-11	11	33		18.7	0.4	0.9	0.0	0.1	0.0	0.2	16.9	0
P5-swipe-11	12	33		19.5	0.3	0.9	0.0	0.1	0.0	0.3	17.7	0
P5-swipe-11	13	33		20.0	0.6	1.2	0.0	0.2	0.0	0.3	17.5	0
P5-swipe-11	14	33		20.0	0.8	1.3	0.0	0.2	0.0	0.5	16.9	0
P5-swipe-11	15	33		19.2	0.8	1.1	0.0	0.1	0.0	0.5	16.4	0
P5-swipe-11	16	33	LATE	33.4	0.5	1.0	0.0	0.1	0.0	0.4	31.2	0
P5-swipe-11	17	33	LATE	16.7	0.0	0.7	0.0	0.2	0.0	0.5	14.9	0
P5-swipe-11	18	33		16.7	0.0	0.4	0.0	0.2	0.0	0.4	15.6	0
P5-swipe-11	19	33		16.7	0.0	0.5	0.0	0.2	0.0	0.3	15.6	0
P5-swipe-11	20	33		16.7	0.0	0.4	0.0	0.1	0.0	0.3	15.8	0
P5-swipe-11	21	33		16.7	0.0	0.4	0.0	0.1	0.0	0.3	15.8	0
P5-swipe-11	22	33		16.7	0.0	0.3	0.0	0.1	0.0	0.3	15.9	0
P5-swipe-11	23	33		16.7	0.0	0.3	0.0	0.1	0.0	0.3	15.9	0
P5-swipe-11	24	33		16.7	0.0	0.3	0.0	0.1	0.0	0.3	15.9	0
P5-swipe-11	25	33		16.7	0.0	0.4	0.0	0.1	0.0	0.3	15.7	0
P5-swipe-11	26	33		16.7	0.0	0.3	0.0	0.1	0.0	0.3	15.8	0
P5-swipe-11	27	33		16.7	0.0	0.4	0.0	0.1	0.0	0.3	15.9	0
P5-swipe-11	28	33		16.7	0.0	0.4	0.0	0.1	0.0	0.2	15.8	0
P5-swipe-11	29	33		16.7	0.0	0.3	0.0	0.1	0.0	0.3	15.9	0
P5-swipe-11	30	33		16.7	0.0	0.3	0.0	0.1	0.0	0.3	15.9	0
P5-swipe-11	31	33		16.7	0.0	0.4	0.0	0.1	0.0	0.3	15.7	0
P5-swipe-11	32	33		17.0	0.0	8.7	0.0	6.3	0.0	1.2	0.6	0
P5-swipe-11	33	33	LATE	16.7	0.0	5.9	0.0	5.1	0.0	0.3	5.3	0
P5-swipe-12	1	32	LATE	19.7	0.5	2.7	0.0	14.8	0.0	0.4	1.2	0
P5-swipe-12	2	32		19.0	0.3	0.6	0.0	0.1	0.0	0.2	16.1	0
P5-swipe-12	3	32		19.1	0.4	1.2	0.0	0.1	0.0	0.2	17.0	0
P5-swipe-12	4	32		19.5	0.6	1.0	0.0	0.1	0.0	0.2	17.3	0
P5-swipe-12	5	32		18.8	0.4	1.5	0.0	0.1	0.0	0.3	16.3	0
P5-swipe-12	6	32		19.1	0.5	0.9	0.0	0.1	0.0	0.3	17.2	0
P5-swipe-12	7	32		19.3	0.4	1.3	0.0	0.1	0.0	0.3	17.1	0
P5-swipe-12	8	32		19.5	0.6	1.0	0.0	0.1	0.0	0.4	17.1	0
P5-swipe-12	9	32		18.9	0.7	1.2	0.0	0.1	0.0	0.3	16.4	0
P5-swipe-12	10	32		18.8	0.4	1.0	0.0	0.1	0.0	0.3	16.8	0
P5-swipe-12	11	32		18.7	0.4	0.9	0.0	0.1	0.0	0.3	16.8	0
P5-swipe-12	12	32		19.0	0.4	0.8	0.0	0.1	0.0	0.3	17.3	0
P5-swipe-12	13	32		19.6	0.5	0.9	0.0	0.1	0.0	0.3	17.6	0
P5-swipe-12	14	32		18.8	0.7	1.2	0.1	0.2	0.0	0.4	16.2	0
P5-swipe-12	15	32	LATE	33.4	0.4	0.9	0.0	0.1	0.0	0.3	31.5	0
P5-swipe-12	16	32	LATE	16.7	0.0	0.5	0.0	0.1	0.0	0.4	15.5	0
P5-swipe-12	17	32		16.8	0.0	0.4	0.0	0.1	0.0	0.4	15.7	0
P5-swipe-12	18	32		16.7	0.0	0.6	0.0	0.2	0.0	0.4	15.3	0
P5-swipe-12	19	32		16.7	0.0	0.4	0.0	0.1	0.0	0.3	15.8	0
P5-swipe-12	20	32		16.8	0.0	0.3	0.0	0.1	0.0	0.3	15.9	0
P5-swipe-12	21	32		16.7	0.0	0.7	0.0	0.1	0.0	0.3	15.3	0
P5-swipe-12	22	32		16.7	0.0	0.4	0.0	0.2	0.0	0.5	15.6	0
P5-swipe-12	23	32		16.8	0.0	0.3	0.0	0.1	0.0	0.3	15.9	0
P5-swipe-12	24	32		16.7	0.0	0.5	0.0	0.1	0.0	0.3	15.6	0
P5-swipe-12	25	32		16.7	0.0	0.3	0.0	0.1	0.0	0.2	15.9	0
P5-swipe-12	26	32		16.7	0.0	0.3	0.0	0.1	0.0	0.3	15.9	0
P5-swipe-12	27	32		16.7	0.0	0.4	0.0	0.1	0.0	0.6	15.4	0
P5-swipe-12	28	32		16.7	0.0	0.3	0.0	0.1	0.0	0.5	15.6	0
P5-swipe-12	29	32		16.7	0.0	0.6	0.0	0.2	0.0	0.4	15.3	0
P5-swipe-12	30	32		16.8	0.0	0.4	0.0	0.2	0.0	0.5	15.4	0
P5-swipe-12	31	32		16.7	0.0	8.5	0.0	3.1	0.0	0.6	4.2	0
P5-swipe-12	32	32	LATE	33.4	0.0	8.4	0.0	8.3	0.0	0.4	16.2	0
