APP_MAPS	app.clauncher	/app.clauncher_480.apk	aedb78216822d5c8924eb125529f2dfa9140e4841b87ed309eca8f12f38956eb	2073428	0
APP_CONTACTS	app.clearsms	/app.clearsms_68.apk	9686c78e4289e4a3bad165e3afb29fb61d823b1a6b4a94d79ed89c19c89c8366	22416119	0
APP_MAPS	app.hkTransport	/app.hkTransport_106.apk	e66be109d8fea02650253580518068e6284f7a2cb6498674401c667ff6cfdcbb	8103798	0
APP_MAPS	app.onloc.android	/app.onloc.android_128.apk	21671b999aa17a8fbad25e37e46cfa9ff560f7afc9bcfd7c422fc42aecc1cdc5	50075963	0
APP_MAPS	app.panoramax	/app.panoramax_63.apk	17238a578a9303b8046c99eea5ae235d9ff0fb55eadaf0269dca1a0c9a68036c	26924544	0
APP_MAPS	app.tice.TICE.production	/app.tice.TICE.production_38.apk	648d8ddb49f4547c8766b6838394cda4526875cd2fc0970c9987a66061673ac8	25029330	0
APP_MAPS	at.finderlein.noe	/at.finderlein.noe_2020.apk	6cba334a5e160b1a24dbbdbaf83cd4ca4415fb31da7861140a7ef5e99c0f2989	53646957	0
APP_MAPS	at.h4x.amsprung	/at.h4x.amsprung_108.apk	cbdd50676bc0270666deb0a78a36e3a25e8e504af091c09ff151ad9714dfed24	7874983	0
APP_MAPS	au.id.micolous.farebot	/au.id.micolous.farebot_3920.apk	5139dd6b3c57c6722361c8177bcb431073beb70c7c9337be0503a49cf5f02203	7924942	0
APP_MAPS	btools.routingapp	/btools.routingapp_56.apk	ef0f40be1b947752e8441fe106ecb15e3705ab5aa52a9726c5e9a04a3a499038	3293455	0
APP_MAPS	ca.cmetcalfe.locationshare	/ca.cmetcalfe.locationshare_9.apk	e9bb6243834c981daa1f0385376abf67058e1b6a7561c4cc066500dd6f7a9668	1205979	0
APP_CONTACTS	ca.mudar.fairphone.peaceofmind	/ca.mudar.fairphone.peaceofmind_22.apk	25ee289c9eaefc03cb39967177bb95865232462cdebcbe600863602b1a1de41f	3080942	0
APP_MAPS	ch.bailu.aat	/ch.bailu.aat_45.apk	f10bae02e75b884c6e92e165e41c9cc92bff51d85c25aa01feddf68471080491	4065198	0
APP_MAPS	ch.rmy.android.statusbar_tacho	/ch.rmy.android.statusbar_tacho_2003150100.apk	ee1abcd9f921e391e7be6a38fd06c63e058868712c96ea938a4eca0c5b443c04	3410894	0
APP_CONTACTS	chat.jmp.simmanager	/chat.jmp.simmanager_307.apk	a59ac1ca1fd7613ee52b619a65a2a3489dfd2492e8d16b8e11b4a163ed8c09d6	16318726	0
APP_MAPS	cl.coders.faketraveler	/cl.coders.faketraveler_232.apk	ef0e17396f31773571f930901d8fc319840549f18a54d4bd0d0fb0313ececc6b	5535272	0
APP_CONTACTS	co.ec.cnsyn.codecatcher	/co.ec.cnsyn.codecatcher_131.apk	166d4cb9b0f7a5c1468a71bd04c424b84e0c282471794b0cadd97b172de3d17f	2560513	0
APP_MAPS	com.Colota	/com.Colota_49.apk	cfac300f3e5e0fac4c513f7c2390648e6404678af117af80365f3c215c5f5920	46039942	0
APP_MAPS	com.addismaptransit.app	/com.addismaptransit.app_7.apk	4d62aecc9873a0daf3d6386d86fe47f7842d644c896eb62b63597f520de074be	24209039	0
APP_MAPS	com.adresilo.android	/com.adresilo.android_9.apk	d3f990e11fcbb46b10580fe7ea8ae0a4305848e268fa44b4707175f49410bd6b	1725330	0
APP_CONTACTS	com.afkanerd.deku	/com.afkanerd.deku_9103.apk	10a862955c6559ac056d4809b3879efcf7a9af4c10208b282fa987d7d8f82f8c	12737269	0
APP_MAPS	com.albertodiaz.valencia_transit_reloaded	/com.albertodiaz.valencia_transit_reloaded_23.apk	5a2244d4a38e04464a320022758f74a26755447c5b236036925ff2f47aa9ea41	18808742	0
APP_MAPS	com.android.gpstest.osmdroid	/com.android.gpstest.osmdroid_24100.apk	584ad5492d87ed7c672f60ca25b77c74241a940c02ee07b1e6c03add799f9ef1	3526517	0
APP_CONTACTS	com.android.shellms	/com.android.shellms_6.apk	9c6b1469fbf5947d40b63344460c1baf1078749fd44fa13e6471760ed2281980	381733	0
APP_CONTACTS	com.anindra.messages	/com.anindra.messages_27.apk	5908364a8e22351065adca84f579ee0ed927f1056f3177d4b2a01a6f8bdbf1e7	4662377	0
APP_MAPS	com.appaparilla.manholer	/com.appaparilla.manholer_78.apk	265a24bf214ce43c4c6dbcbdce69026cd0693a118d540d9b7768f8f1527066af	7924037	0
APP_MAPS	com.bobek.compass	/com.bobek.compass_35.apk	e952f6fe3a9d7f459c9f76f2d03fdc8cebbe7590c05f7c4c1b79d8b7066872c6	2792309	0
APP_CONTACTS	com.callblocker	/com.callblocker_17.apk	23b796e4e4bd3ed94e810107e3cb6485bee378b3f4f9156eb73a547fd53f6e9a	3214191	0
APP_CONTACTS	com.cbouvat.android.saracroche	/com.cbouvat.android.saracroche_39.apk	8d518f325f2582edaca8055ae8aa28048d5d0fa787ae39946d110c9d1b84257d	4898151	0
APP_CONTACTS	com.cheogram.android	/com.cheogram.android_4206504.apk	2db56fb32841ed2c3d5893a6313606f0f5e2df2678e409aabf813cc784522310	37683220	0
APP_CONTACTS	com.chooloo.www.koler	/com.chooloo.www.koler_82.apk	3c35766c1b988b2af485c3a03ff08d1e3042feb76b40b2dcdb54481aaf9c5a11	5042508	0
APP_CONTACTS	com.clintmoyer.callscope	/com.clintmoyer.callscope_1.apk	27f3f4234963348b0ea9fd6bf599097a18ef6f53b93dfb147bc97465adca0418	10748592	0
APP_MAPS	com.espruino.gadgetbridge.banglejs	/com.espruino.gadgetbridge.banglejs_253_01cce93.apk	b535a5972e8a2dbac6c6fe648f43fe3628b2fdd30525895cc3b9dc98a18f49c5	20310133	0
APP_MAPS	com.example.hochi.nextcompanion	/com.example.hochi.nextcompanion_9.apk	9565dd73f4bc7896f066eda3f1f9b78c7f894a75b5c6c4bcea6e27a032018ad4	1950457	0
APP_MAPS	com.gideontek.phonetrack	/com.gideontek.phonetrack_2.apk	777343be081efca91de9ce876038ab831459606822baff549ae2d26c037e74ca	10798929	0
APP_MAPS	com.github.mofosyne.tagdrop	/com.github.mofosyne.tagdrop_14.apk	014590dd5e148d511dba592cd4ba47b536adbd0356ba42cdbb67fb8981474b9d	10582893	0
APP_MAPS	com.github.mrrar.gps_locker	/com.github.mrrar.gps_locker_11.apk	88b1310c94d5e8c0e9992388789bce8d02fa71ba5610487749ea93af32071fec	17710	0
APP_MAPS	com.github.ruleant.getback_gps	/com.github.ruleant.getback_gps_80.apk	d288888017b04a256d4ddc8b78a6d6a49db1c307bf5a91fbac21b93e42e5551e	700137	0
APP_MAPS	com.github.siggel.coordinatejoker	/com.github.siggel.coordinatejoker_42.apk	b4e15899412e73074c23fe375a6f1ea17aa49b105a4543223f858abe75a83f4c	2964454	0
APP_MAPS	com.github.timboode.statefulspeedometer	/com.github.timboode.statefulspeedometer_2.apk	6af8e56bf4ef635b8aeff7bd61398ea46e1f728911a5f5c7b6344039f0ba90af	1009885	0
APP_CONTACTS	com.github.tmo1.sms_ie	/com.github.tmo1.sms_ie_10119.apk	22df48f04c3019b6eda620acbed37f74fd4e140445b231d1f893dd6ca64491b2	5058733	0
APP_MAPS	com.github.umer0586.sensagram	/com.github.umer0586.sensagram_10.apk	6d164f10f5f9c9f1eced9f15e5351f5ce931810ab82a8527fe769051709de9cc	8978799	0
APP_CONTACTS	com.github.webierta.call_counter	/com.github.webierta.call_counter_5.apk	164c7744326f8f35ead3019591730934ea9bf900302e4a293edc4bb19e6c9f74	19983489	0
APP_CONTACTS	com.github.yeriomin.smsscheduler	/com.github.yeriomin.smsscheduler_5.apk	b06f8cac3ef7f56af0e7b6da5e44cf773ed453a80c475f7e98c80342a6003af3	70164	0
APP_CONTACTS	com.goldmaster.im2sms	/com.goldmaster.im2sms_7.apk	aac765da9f368a528446acf018048b2c8506b5ee2edc10f3cf6f98f3139b8a46	16726532	0
APP_MAPS	com.hito.trails.app	/com.hito.trails.app_3.apk	e5181f3ee305eddeb82d3f60e945be2d13d82a5943f7c1190868cc7061965935	43969537	0
APP_CONTACTS	com.hos_dvk.easyphone.full	/com.hos_dvk.easyphone.full_11.apk	8b5f01ba5c7de1cbd0682f29052fbb4c296168f289e3aff69b21d74d63167a90	6625861	0
APP_CONTACTS	com.iatfei.streakalarm	/com.iatfei.streakalarm_27.apk	c736f177efa52d8f52479440dc9883935e7af3b991eea1a389fe86616e393350	5286141	0
APP_MAPS	com.internalpositioning.find3.find3app	/com.internalpositioning.find3.find3app_6.apk	1b61fb3f2326032020e2e1f86928d04d3e2e9f3ae32007edfc0d024bf0624405	1499879	0
APP_MAPS	com.jakubhlavacek.gtfsrealtimemap	/com.jakubhlavacek.gtfsrealtimemap_1.apk	5d6fc27b57a337ddfbc9afbc33388112618e186c3a2e62e25849e05c5f1740df	3781472	0
APP_MAPS	com.jstappdev.e6bflightcomputer	/com.jstappdev.e6bflightcomputer_20.apk	4ad6dc9d56d693006787c263a227c76fb007c6e86a9f8ed791dde03dccf4d86b	1966638	0
APP_MAPS	com.k2040.geojoystick	/com.k2040.geojoystick_105.apk	bdf43cbdde6af2d96dac3c9a68818d79a7090d1f16e8265d83fc2fbcc1f9350b	1648309	0
APP_MAPS	com.kylecorry.trail_sense	/com.kylecorry.trail_sense_148.apk	846249274a0e300622cc94815fd279d258738bfcaf60ee9e276edf74f5febc1c	13271554	0
APP_CONTACTS	com.lazydevs.wristotle	/com.lazydevs.wristotle_12200.apk	2e7ccc4f87b5f5ae6233d762aa4307b6c951032a52f6aee7cad8ffaf11a3674b	34385616	0
APP_CONTACTS	com.logger.app	/com.logger.app_62.apk	5ff7b4871bfa9a283f6c65ae4bad65a85bd26875da374ae06cae019c91644fe5	27305093	0
APP_CONTACTS	com.lorenzomarci.sosring	/com.lorenzomarci.sosring_49.apk	50e79828b5b73779a3084f80d0c90d21c7dfe476de253f4a5595207b659fcaa2	31830131	0
APP_MAPS	com.ma.tehro	/com.ma.tehro_13.apk	f5dbd2a88dfe9e64f813728b62701e19974cf0acf1d85b8b17f7da47df9317dd	4789806	0
APP_MAPS	com.memetro.android	/com.memetro.android_13.apk	4a8799b6e4b28782168f5896de026a98ab5a66d0989dd7f1cc936b7312e7ed1c	5518041	0
APP_MAPS	com.mendhak.gpslogger	/com.mendhak.gpslogger_137.apk	1aa6e7ce15a3d4ec8fbec2571b1f96d509a798fb93c0206351162d547a50950a	8033712	0
APP_CONTACTS	com.mileskrell.texttorch	/com.mileskrell.texttorch_5.apk	cbada7749b9974e6ae756d887df6a60d646c0b8e4cf39ddc9abb13c41699eebe	4793200	0
APP_CONTACTS	com.ml.proximitysensorfix	/com.ml.proximitysensorfix_32.apk	55e81b5da4a0d50040ca5e5922f151dde32ec7796e75b35097cd4b2fbea3426b	4535706	0
APP_MAPS	com.oF2pks.jquarks	/com.oF2pks.jquarks_24.apk	17eda55e538b1c45203833611719ae2930c7a6a4b150cce1db96cccf3ccb84f1	3310719	0
APP_MAPS	com.opengps.altlocationservices	/com.opengps.altlocationservices_2.apk	8cca2b6c6f5599a2da24609a59b85dd332936f37f489536f9bdee74ea4ed599d	20825635	0
APP_MAPS	com.palliser.nztides	/com.palliser.nztides_25.apk	d2a88041403913368f79e79cdb706ba5e89f91431e371a11df8ce256d1d6c8b3	2631245	0
APP_CONTACTS	com.parishod.watomatic	/com.parishod.watomatic_29.apk	f2a1a9f4b70d32b2a66406562866dd2eff04d88cecf5f77da4c6aefcc393b4ec	3400488	0
APP_CONTACTS	com.pierreduchemin.smsforward	/com.pierreduchemin.smsforward_19.apk	b342880aa302c73407776040fb68a0bb8bd2d97e102fdb9ffa12bbd80c3a14e4	5637384	0
APP_MAPS	com.quantum_prof.phantalandwaittimes	/com.quantum_prof.phantalandwaittimes_5.apk	1d98e7ff11a0989055f6c7f91ac6a3b5b1579ed31d80b490596fa1cc57214834	16352962	0
APP_MAPS	com.rareventure.gps2	/com.rareventure.gps2_91.apk	ee8248593fbe1db31b15459f68ebe31d656732382bd4b77990d2cb24bf155357	24004550	0
APP_MAPS	com.redblaster.hsl.main	/com.redblaster.hsl.main_37.apk	14240c7e086b6f8238929bfd2e38575f7833664d1b4f6686f26b8beacd020bda	2052799	0
APP_CONTACTS	com.saiga.find.messagefinder	/com.saiga.find.messagefinder_16.apk	3cd7e16739c35c8a86628b000beb9bd3f4369d71ec03ca2db025be442eee5996	5106526	0
APP_CONTACTS	com.serwylo.babyphone	/com.serwylo.babyphone_18.apk	27848666aa65867f11754395a1f00ab70983b2cff6904282c688cd5709cf9e47	7384201	0
APP_CONTACTS	com.stoutner.privacycell	/com.stoutner.privacycell_16.apk	9944f5280af964708375854ba13220788eca68981c631755222863997cdf2cc5	2423246	0
APP_MAPS	com.sunstep.travel.foss	/com.sunstep.travel.foss_260516000.apk	bfe6100165dd4228c1e226614db9d902b60a4641d0539b1d662adcebc8a28302	48086028	0
APP_MAPS	com.truchsess.send2car	/com.truchsess.send2car_11.apk	9f4da300ae672acea4a7c10b3a9380431ffa92224ebf50fc78ea2c6ab5f0b54b	2409712	0
APP_CONTACTS	com.tutpro.baresip	/com.tutpro.baresip_553.apk	32e82aede3e4cf4b2a95ab6759d4e2f56c048db4613b7720f16e427adfcc6e90	24552375	0
APP_MAPS	com.utyf.pmetro	/com.utyf.pmetro_114.apk	b99342f99887577ab7731a74f49b104b6aa9c0ab19edf0ad31e96186bf24a259	2186328	0
APP_MAPS	com.vayunmathur.findfamily	/com.vayunmathur.findfamily_20260825.apk	f63652b7e1fb77fcffe72c6447e9f77733a64d315e13444eeab9722395c29358	7719189	0
APP_MAPS	com.vonglasow.michael.qz	/com.vonglasow.michael.qz_20200.apk	4b735eb4b8d6a07357c9778564c7862926bb0162a46d38088156cc7fe3350782	22107843	0
APP_MAPS	com.vonglasow.michael.satstat	/com.vonglasow.michael.satstat_30600.apk	1bef8f7b7d9c1b4c4a287c7628721c1f8999e5e02a4d154fd625671aa64f6756	2419870	0
APP_CONTACTS	com.xxxx.parcel	/com.xxxx.parcel_68.apk	4ee64e6c4ff8b006e2161e53b2fdf82f5830fb29bbc45c7fae6bb54328310812	22389233	0
APP_MAPS	com.zaifears.locreminder	/com.zaifears.locreminder_353.apk	c5b6de02d4a7564779eabd5629038eb1e09403583581f4641a6fe06dffffae15	21964601	0
APP_MAPS	com.zell_mbc.publicartexplorer.foss	/com.zell_mbc.publicartexplorer.foss_64.apk	0d756d56491cd6f558550a2fd3c3825d5149a488853ef834fc6d3c108e28e0dc	27639541	0
APP_MAPS	danielmeek32.compass	/danielmeek32.compass_2.apk	b5572a49e08b4d50194f1f6a0851e5f2a75146c1cd500d3f4a1fbf6cf5ed7475	1866987	0
APP_MAPS	de.bahnhoefe.deutschlands.bahnhofsfotos	/de.bahnhoefe.deutschlands.bahnhofsfotos_99.apk	3810f6814f5f0d158467da6ebb2ca5e1b07bfcd50168e5ffe465450745c8b600	9270869	0
APP_MAPS	de.bahnvorhersage.app	/de.bahnvorhersage.app_18.apk	7f874878fa36c32c983adef736ca999f9b5924330b800498e67d258bc8b4c7e7	7092729	0
APP_MAPS	de.blau.android	/de.blau.android_3409.apk	92ea0c3a6aaf3425d6133714aa284dd0fc35a0ce6ad370371f20701496a53d98	31546874	0
APP_MAPS	de.grobox.liberario	/de.grobox.liberario_131.apk	00ebcff767b548c1a836e2ca270a80cc04f7cab22ca5ae76a349b42856fb06f6	43964416	0
APP_MAPS	de.hauke_stieler.geonotes	/de.hauke_stieler.geonotes_1008000.apk	3ae39524abafcd791871f4d38954fe7095572442eae9f527b8fe553b0dc3fb81	59596529	0
APP_MAPS	de.hbch.traewelling	/de.hbch.traewelling_229.apk	f9442678344ceba9207fc2487a27de0edb3d5994ffab21944b306c885e6c2121	20864082	0
APP_MAPS	de.jkliemann.parkendd	/de.jkliemann.parkendd_33.apk	acdbf0b21f7806fa68a2fa0b3ec5579caeefc9eb06c1b5c31b59e68c8a11f51e	2467816	0
APP_MAPS	de.mymiggi.tankblick	/de.mymiggi.tankblick_4.apk	82914fd53060d37144043902554a6b38d881a8620d252cc6e4b82f4ad7795633	2092749	0
APP_MAPS	de.nulide.findmydevice	/de.nulide.findmydevice_44.apk	39c3982809e775cdbdb45b28a7860e6ae26d2142fe382004ce446cc93cba8f69	6722053	0
APP_MAPS	de.nulide.findmydevice.edge	/de.nulide.findmydevice.edge_44.apk	0c8f8cfc7ae9cabaf2e0e32fd877408ccb976fa4f5553102d58de511d5b0b73a	6701308	0
APP_MAPS	de.schildbach.oeffi	/de.schildbach.oeffi_140009.apk	0f0d9dc7167a7b1fe17e05bc1fba6f29823b9b30dd4ef779af45a2cc9bab6224	2021432	0
APP_CONTACTS	de.schlikk.calls	/de.schlikk.calls_100000.apk	594b45eaeb4620b9bfbc01eae625535da4f5c5fd6e6745bc3f401a85621f52fe	2334900	0
APP_MAPS	de.sipa.countrycount	/de.sipa.countrycount_10001.apk	d4dbd4388b4080d136548191abe728581899b1c219c7a904fc0c10d3250d8389	9566678	0
APP_MAPS	de.sorunome.unifiednlp.trains	/de.sorunome.unifiednlp.trains_15.apk	5abec114bbfeb2c906abef3088cb184c4c7894ef15d0310b07c35c3dcaf1dce8	274994	0
APP_MAPS	de.stephanlindauer.criticalmaps	/de.stephanlindauer.criticalmaps_105.apk	0e9f0b591857c41f26bfb64f1594a807205f7f61b5bdb10d08f50fe9ae237a92	43336475	0
APP_MAPS	de.storchp.opentracks.osmplugin	/de.storchp.opentracks.osmplugin_71.apk	dced0666453c737a1370677eeacf2837ecc14b2e806e26b2293187715c089e0c	8012342	0
APP_MAPS	de.storchp.opentracks.osmplugin.offline	/de.storchp.opentracks.osmplugin.offline_71.apk	1334a8cfebc927543dc9f962f80b58a83af5be1868fac140fbc1604b5e3148ac	8017603	0
APP_MAPS	de.tu_darmstadt.seemoo.HardWhere	/de.tu_darmstadt.seemoo.HardWhere_1.apk	02e6f251e17e6e4aa8db067b4c548e859df14f9fa8afede80657aa54a632b07b	14454680	0
APP_CONTACTS	de.wivewa.android	/de.wivewa.android_8.apk	4a2c6e8c9e5786b5ed741c7ca36e2c49a25326642567401c58f6181ff0a943b7	5926549	0
APP_CONTACTS	de.wivewa.dialer	/de.wivewa.dialer_16.apk	38f7c88ffb80031efcc7f6a0035ec0ff749298a027d4fb6b4694af1ec27d2ab9	3328372	0
APP_MAPS	dev.cyberme0w.openbike	/dev.cyberme0w.openbike_5.apk	aecc2a0406df2c9d1d3072c922645576d7af3ce807c43c9de0f362a989d6f306	6110333	0
APP_CONTACTS	dev.digitalgrease.signet	/dev.digitalgrease.signet_300063.apk	defc53fbf543606637a359b46e005f0106a8ae8ffc236e79375b1009088f4107	26289891	0
APP_MAPS	dev.gpxit.app	/dev.gpxit.app_4.apk	3e87604c99890aa53efe9b58f92ae3de63297abfb7ed9643f97f1d5c873bbceb	2995754	0
APP_CONTACTS	dev.kerballone.spamblocker	/dev.kerballone.spamblocker_613.apk	305d9acdb1de807a96d6087de93f0f10398b7e340b76e4d14048a460817c1ed4	8401169	0
APP_MAPS	dev.melonpan.kotori	/dev.melonpan.kotori_31.apk	6a23005d535d14cb5cb5e93d36d10aecb4065dc289e85074655ddfdfc5ffba35	4445727	0
APP_CONTACTS	dev.n4n5.sms2call	/dev.n4n5.sms2call_11.apk	36e0645398241cbc4df3826a8d6935bbf86c483bfe7fdbea6befaf670ac5e9cb	4954656	0
APP_CONTACTS	dev.octoshrimpy.quik.fdroid	/dev.octoshrimpy.quik.fdroid_2238.apk	92a3dc72f15f41c99dd660964762b11ad1d570449cb8b4c5ced11c52d7cebba9	51773499	0
APP_CONTACTS	dummydomain.yetanothercallblocker	/dummydomain.yetanothercallblocker_5170.apk	6a6b8249d777c69b1a31338fc74ae48a6b47dfd874c40a893587c17a932baea3	7955231	0
APP_CONTACTS	eu.droogers.smsmatrix	/eu.droogers.smsmatrix_16.apk	728c35b687316efaec204509444ff37b0f14a2fb1156ef6573266427a7618bd4	12452976	0
APP_CONTACTS	foehnix.widget	/foehnix.widget_40.apk	960913f40cefe5f4542554ef603305586b87ca0b03b25f28f09abeec7a9cf857	2547753	0
APP_MAPS	fr.byped.bwarearea	/fr.byped.bwarearea_4.apk	2c043e3eac8a974158b52c79d070c5099ec9da7f7c932fe8a5b008c1c2eb3094	2500875	0
APP_MAPS	fr.corenting.traficparis	/fr.corenting.traficparis_34.apk	8e1fd9c723642835e68ed76b5248a3e7767c9c67c4976f200eaa853f9fafa616	3320340	0
APP_MAPS	fr.fdesousa.bikesharinghub	/fr.fdesousa.bikesharinghub_34.apk	8eb0a3e1e5f4c2ff5bf73fa0ff7c03a0d6c79a050ede67b37050bb59101d60fb	3892762	0
APP_MAPS	fr.ign.geoportail	/fr.ign.geoportail_30515.apk	e2ab6c01e1b985ca708dee85e00373b5333e2df3819975553a238294eefd9adc	12423503	0
APP_CONTACTS	fr.jnda.android.flashalert	/fr.jnda.android.flashalert_23384375.apk	bb615f06c0a66ac8ef3eda22d6feb4a806a39ea78a0ab306e3b0bcaa227dd745	2534295	0
APP_CONTACTS	fr.jnda.android.system.smsscheduler	/fr.jnda.android.system.smsscheduler_5.apk	61caa6c66ae9156e666ad5cb4892ac715054268225ede95cb4cd9602489783c6	6051154	0
APP_MAPS	fr.nocle.passegares	/fr.nocle.passegares_304.apk	b3c673ecd22b0e4c58a19f64187dfa20735a319491d9d97fa022b4267293916e	7046137	0
APP_MAPS	fr.sudotiz.duper	/fr.sudotiz.duper_1001005.apk	7b14b431ffa73376a0b1e6061da6eccbebe3f4a7c94c49a410d596dad916027b	1256338	0
APP_CONTACTS	fr.unix_experience.owncloud_sms	/fr.unix_experience.owncloud_sms_69.apk	7dc13af46b0a40f7a7206b03aa90c2606b09731b95d3d360e8bc818588af308d	9568869	0
APP_MAPS	freemap.hikar	/freemap.hikar_16.apk	4490e362cb7616505ec73608ee5638edd64d4ce601be217a4382c69f1ee7ff55	5084153	0
APP_MAPS	helium314.localbackend	/helium314.localbackend_43.apk	61c52b9502b959fb4324ffa40063de33cd25f475c15cc202406017ff7d5c03f1	1102651	0
APP_MAPS	ht.sr.git.mil.transito	/ht.sr.git.mil.transito_9.apk	6bbe797196055080e18460f4f8366d507c79f0703d8d3bee23ae396f7ddea1de	34166262	0
APP_CONTACTS	hu.kadatsoft.smsreply	/hu.kadatsoft.smsreply_5.apk	92d593e3ca8726c8f274e87a4c96bac5eccec30c818b7dd0ad9ceb387fc7c5b4	2632726	0
APP_MAPS	info.altimeter.variometer	/info.altimeter.variometer_4.apk	624b22aa8741ad85583e9908e910be168e8aecc115fbf6f7e838de615f84965e	3615228	0
APP_MAPS	info.varden.hauk	/info.varden.hauk_14.apk	0965ffda20c419c69b081d4848abdd7502a1e3801a2e30124e0369dd2051478e	3485562	0
APP_MAPS	info.zamojski.soft.towercollector	/info.zamojski.soft.towercollector_2190130.apk	dc9bd9dc663016b14b94cc244af5f8d7fd32bb5fc60f5d17fd82c8f1cd2a80c2	4651339	0
APP_MAPS	info.zverev.ilya.every_door	/info.zverev.ilya.every_door_553.apk	61cdc951ad69c3965a69a84901589d13d78860cbbd1aa6c2b608d3d4786f4317	56058771	0
APP_MAPS	io.github.fvasco.pinpoi	/io.github.fvasco.pinpoi_96.apk	a9a88fbfa29067459467b806986e8433b9bb3cf2858dc13559a00689f36a1109	10936802	0
APP_MAPS	io.github.jqssun.gpssetter	/io.github.jqssun.gpssetter_6.apk	a16e4066d358757edbd7401b26ade785c6117e8836c68ec43cf53f8144aca9f6	13839357	0
APP_MAPS	io.github.project_kaat.gpsdrelay	/io.github.project_kaat.gpsdrelay_7.apk	b1c97c1e42a1a191ab5567ca64f099be9a2130362ca1b1c3b288ebbf0267439a	1417552	0
APP_CONTACTS	io.github.sms2email.sms2email	/io.github.sms2email.sms2email_48.apk	ad6a425b5df654be6635c2deeb191572e337d3bfe51d93ee64a8bca5e62ee095	16463410	0
APP_CONTACTS	io.github.subhamtyagi.openinwhatsapp	/io.github.subhamtyagi.openinwhatsapp_8.apk	33aff5a99b1bcb40e4d57e7e2961a3d60a163f03acf7166ecc4e0e2acf0a6fcc	3131100	0
APP_MAPS	io.github.tiagoshibata.gpsdclient	/io.github.tiagoshibata.gpsdclient_5.apk	c9dc6b14d9f48ac4e8884f76da6e9e3c5db038d9992559039952dc49e3235aba	80342	0
APP_MAPS	io.github.wandomium.smsloc	/io.github.wandomium.smsloc_140.apk	9bdbcadd0b0060181a4199078c88ffc35def5c737716806102116dfb91ca4549	15407114	0
APP_CONTACTS	io.github.wandomium.viewcarousel	/io.github.wandomium.viewcarousel_41.apk	b15a9c9d2e850e0d3a4f22e4ee632a539fd7f19fff51a5c0db11749aabcc6b0c	12996998	0
APP_CONTACTS	io.keepalive.android	/io.keepalive.android_151.apk	480621da7c870831cbc4ad4876b4ccb8400014c105a8f8ac48b7a7c30b03f750	2596266	0
APP_CONTACTS	io.keepalive.lite.android	/io.keepalive.lite.android_151.apk	87ea4bda74115afe7117079e3f6bd38cf303a69050d38bab6ec6246bbfd392dd	2592170	0
APP_CONTACTS	life.andre.message487	/life.andre.message487_5.apk	af30f36ba5ef4aa879cfeabf7f7f455268f93b9ac021a34801d3b6f23a0ef8fe	1460945	0
APP_CONTACTS	me.hackerchick.raisetoanswer	/me.hackerchick.raisetoanswer_33.apk	a7830a3b4d6bd71e8fae06bb7ce3b3f753003e3858d74e03179af234a717ac1c	3025827	0
APP_CONTACTS	me.lucky.silence	/me.lucky.silence_54.apk	6a0f7eb3541c57471e324fdaa96a4e6ddc1e9517e861bbcab762d274044a220e	30040291	0
APP_CONTACTS	me.lucky.vibe	/me.lucky.vibe_18.apk	680407af9e607051fd43277cb6e6a09cdc47be7bbf6aa94b079ddab6817b58b5	5528938	0
APP_CONTACTS	me.tagavari.airmessage	/me.tagavari.airmessage_139.apk	c45d89013191ced9816b49d526cdce40207cc65ef2f4eaf841fe666bf3047537	17652321	0
APP_CONTACTS	me.yardenac.comaphone	/me.yardenac.comaphone_27.apk	506ead06b9b9f3bdd5fd18f681ba099f8563a412ee748d2b20f4539f5ed880c0	2079421	0
APP_MAPS	net.canvoki.carburoid	/net.canvoki.carburoid_1060500.apk	7dbe686ddd26593526b77562f7bb06dc12004a49bdc95bcfd399a241b61827d4	54129771	0
APP_MAPS	net.carcoop.app	/net.carcoop.app_63.apk	8cfeecffe0459d8f4bb60f9209af9ae19d401e3442d4881b80dd3028cad86d89	35935441	0
APP_MAPS	net.eneiluj.nextcloud.phonetrack	/net.eneiluj.nextcloud.phonetrack_20.apk	394601e64ef26aae56a1937da04c828ebb6320f5811480baa5bd5e603fa71f4c	9138286	0
APP_MAPS	net.fabiszewski.ulogger	/net.fabiszewski.ulogger_313.apk	e403b15d9c5aab8b386031295a4d3bbcc40e5106b95910e14b000330f5259697	1352860	0
APP_CONTACTS	net.kourlas.voipms_sms	/net.kourlas.voipms_sms_153.apk	88363105eea34e0e27bd99e5571f9d377b9c404c12f583189d50d6d459137ee0	10976052	0
APP_MAPS	net.nhiroki.bluesquarespeedometer	/net.nhiroki.bluesquarespeedometer_14.apk	2606b6bf7359003d7da5938c1d6e2ddeb2874182952e4a80a1ab31db9c2ecc12	823017	0
APP_MAPS	net.osmtracker	/net.osmtracker_73.apk	3634dfc04ec89bb03be2a1ec3a33956f3c51834405aea392e3657c67336761bc	7400040	0
APP_MAPS	net.retiolus.osm2gmaps	/net.retiolus.osm2gmaps_38.apk	b334358883f2c6ad8995a5f7d0f700ea39c8e72bb63235bb9f54b657e16d5d33	6789247	0
APP_MAPS	net.youapps.transport	/net.youapps.transport_12.apk	985a46c58bfd2e5909e7d64e1bce8c8e09942f89e5448c7f14d7f6b74d9caa84	26790309	0
APP_MAPS	nodomain.freeyourgadget.gadgetbridge	/nodomain.freeyourgadget.gadgetbridge_253_01cce93.apk	38b7666166f6fd0268b598ad0b40435744833f26b8cb7b13eb724ca61894a66b	20301941	0
APP_MAPS	org.billthefarmer.buses	/org.billthefarmer.buses_112.apk	d103a034ec2ba9ca4217265a105d575732341c3ab2cf0427745bf155a5ce33d5	5289826	0
APP_CONTACTS	org.booncode.bluepass4	/org.booncode.bluepass4_5.apk	ed8e50fe4873f1bed1ccb5bd7368b4daadc4f455f6e2e61c3e962d6c3b37639e	15334100	0
APP_MAPS	org.broeuschmeul.android.gps.usb.provider	/org.broeuschmeul.android.gps.usb.provider_199.apk	788c0d70799235c79fe575b766a88c724eb531d68a65c0d1562ee22cff3f6059	1571738	0
APP_MAPS	org.calantas.mygeo	/org.calantas.mygeo_3.apk	17e8da57494adbd47b9b34ed3cb5c92ee034889570f8a1e68b8227bf8354dc8f	9900746	0
APP_MAPS	org.fitchfamily.android.dejavu	/org.fitchfamily.android.dejavu_21.apk	1254b0b39b3446f934ec97a922923d3d135ce9c8f1243c6deb129379d50bb1c7	798594	0
APP_MAPS	org.fitchfamily.android.gsmlocation	/org.fitchfamily.android.gsmlocation_74.apk	a5f6c66d3c55dbede48edc5bb0644909987ba3b03ceaa90243633e403e402b99	2280126	0
APP_CONTACTS	org.fossify.messages	/org.fossify.messages_23.apk	95f226c7929adc2699cdb2bc6ead29a704bddb8f55bd92d9b4ecf74bb604f1c6	6572462	0
APP_CONTACTS	org.fossify.phone	/org.fossify.phone_22.apk	d1ad08467034e5138a6e68f03b6e150f0bb010dfcbf490ff3d2bd4822b755728	9165050	0
APP_CONTACTS	org.jimvixx.smsecure	/org.jimvixx.smsecure_10100.apk	ee00071a214203caa6304e60167a519b9f17cc620f0642d98037b4c9a67fa4bf	12830272	0
APP_CONTACTS	org.jitsi.meet	/org.jitsi.meet_26000004.apk	72aab4912b08431a2340fc1fb1f181be3a07e8b7ac607e0bb9e4c3814c2e4248	19461610	0
APP_MAPS	org.kde.ktrip	/org.kde.ktrip_1.apk	1952c614af43542cb686fdfab6cc8d356becd4aa5ee5ab1c023df5557829a594	19753527	0
APP_CONTACTS	org.linphone	/org.linphone_6000213.apk	e5c600d90d2906acf338c59fdf4b79c98df5a934002a2f6773ff0f5cbc26b267	59028490	0
APP_MAPS	org.microg.nlp	/org.microg.nlp_20187.apk	bc2f3cf2cc7ed96ea598e7625c6a1227a28497348c8572209e98835a54fcdc06	1782751	0
APP_MAPS	org.microg.nlp.backend.apple	/org.microg.nlp.backend.apple_20043.apk	96dee89f24c4af43653a8d760dbfa23087a0544512c35661d052ccb6b1a4231e	266904	0
APP_MAPS	org.microg.nlp.backend.nominatim	/org.microg.nlp.backend.nominatim_20042.apk	2a2d902660c78dcdef2c19ddf571fcbe6c21eee4a8da1833224de1efa112d898	1816869	0
APP_MAPS	org.mindshub.insigno	/org.mindshub.insigno_1203.apk	b1324472afb43f51ab06601a4601251f5257002ebfcd314e01174982ce0c27f1	9909735	0
APP_MAPS	org.owntracks.android	/org.owntracks.android_420509001.apk	b12ca46508b8f33e6ddc03433be5600f7fec6b2c30adb8056368aa2e17129d0f	13574074	0
APP_CONTACTS	org.prauga.messages	/org.prauga.messages_8.apk	cdc4224da333f4b768dc28b4745856958fbd99633e44297c08673230cec5f87b	51451978	0
APP_MAPS	org.projectmaxs.module.locationfine	/org.projectmaxs.module.locationfine_2000506627.apk	2893f3f9e352c8cf04273020882b23454a70c7c02434c5501fab1bb01ba5a8de	74487	0
APP_MAPS	org.radar.app	/org.radar.app_80002.apk	10720dd3bff862737f7270700fe07981f9770c0015343d5fb0e0ca94439fe87f	13222742	0
APP_MAPS	org.sge.haltestellenanzeige	/org.sge.haltestellenanzeige_2.apk	224257ec00dffb35011d5ddfe0d8cf88cbbba581c3bebdabecb08f4d50312a60	3687695	0
APP_CONTACTS	org.simlar	/org.simlar_213013.apk	e1f8e6f9178c7410e82ecb53657e21203becf04342494766c6a1a0e6fcdc0183	24942366	0
APP_CONTACTS	org.sipdroid.sipua	/org.sipdroid.sipua_146.apk	7129183d4fed20a0f93cc80c56850804912dbce2d3918bef75fd406a83edc072	1039673	0
APP_CONTACTS	org.smssecure.smssecure	/org.smssecure.smssecure_211.apk	f3fbe2887e8d394adc80567420928e5edb3795ff0ecf497b0ec4aad499fcffe7	13947736	0
APP_MAPS	org.stypox.tridenta	/org.stypox.tridenta_60.apk	68ff19fa6068be2ce3b35df9866334d19d107306cf03445489644a60331fb55d	4634187	0
APP_MAPS	org.traffxml.roadeagle	/org.traffxml.roadeagle_10007.apk	9c998b7916a744af730eb2ce84e650312b9ae4ae8b5d9b6f07f4f810d6bf260a	3327582	0
APP_MAPS	org.woheller69.PeakOrama	/org.woheller69.PeakOrama_35.apk	561f88e5a95328b54f555f2694d7bf4cd834cb1ecb88800c1436d4f00bf982f8	2046484	0
APP_MAPS	org.woheller69.dumpseeker	/org.woheller69.dumpseeker_17.apk	9073b7f71e64fcc9df6d19e06fedca3ef508316532a7c1a40afdf83852e85524	7457217	0
APP_MAPS	org.woheller69.gpscockpit	/org.woheller69.gpscockpit_290.apk	e8fe61ebd1acc66c52998f9e020febf031f729708bd1e4a89daa3ae4c4243de9	2270153	0
APP_MAPS	org.woheller69.lavatories	/org.woheller69.lavatories_27.apk	f80f440c6243c0dcdbb7abcc425b8b3aedcf48db8a474ebb065ba2aebda6aa1d	7481961	0
APP_MAPS	org.woheller69.spritpreise	/org.woheller69.spritpreise_32.apk	8fb93efbf26614fab30b52c69ccfb1495b611c80161f6791e03a015826c00dd4	6557103	0
APP_MAPS	org.y20k.trackbook	/org.y20k.trackbook_61.apk	91fba69463466e21d58fef24f2e03bd85fc26e45513c2479cf3975e2122f179d	42001184	0
APP_MAPS	pc.javier.seguime	/pc.javier.seguime_53.apk	443d1ac7cd0a8982ab29f07253406d04a1131be7919b258608c3f98389aef2bc	4281461	0
APP_MAPS	pl.nkg.geokrety	/pl.nkg.geokrety_47.apk	b46823cf27c48600976866e18946d25b25d42c82ec80ea5c024e143b2ce1be8c	2609337	0
APP_MAPS	pl.telenczuk.counterapp	/pl.telenczuk.counterapp_11.apk	c684a662b0a87d6a1ba7d693ed033e775bf30ec67ced551ad644a716df120bc7	57602953	0
APP_MAPS	player.efis.data.ant.spl	/player.efis.data.ant.spl_11.apk	7e5cb4dfe50134718aaf9a93b3980af855f52a37191abaf405387c2d75881066	28771439	0
APP_MAPS	player.efis.data.pan.arg	/player.efis.data.pan.arg_11.apk	88f3bdee8ff8ec62233df7a89b6a89c53ea7eee9f428335a34943a86ead12d41	35845231	0
APP_MAPS	player.efis.data.zar.aus	/player.efis.data.zar.aus_11.apk	480e1571b2e9d640cdca7373a93a675b7388508f7a2685ec0ec72728059a9eb4	22864935	0
APP_MAPS	player.efis.pfd	/player.efis.pfd_106.apk	4e2d4e52fac8f6d8f6ad18edf616af2a20aac1b929fe7996f22e1a046024a625	4246579	0
APP_MAPS	player.efis.pfd.ink	/player.efis.pfd.ink_106.apk	7957a7ba6dd7ae12df53704c3fc54510cc06a17ebbfcb356bcd65979e4f7d74f	2849843	0
APP_CONTACTS	re.indigo.epistolaire	/re.indigo.epistolaire_8.apk	a42537070f7f403834b5e79d86619a2deaa8efdbea5e598520142ae96e552047	2790342	0
APP_CONTACTS	ru.seva.finder	/ru.seva.finder_15.apk	0a7fb3fc3ecc06f7b1bdbff57e4ccc232b77eac2db998cad37e70a37cd0d9dba	1285033	0
APP_MAPS	se.norenh.rkfread	/se.norenh.rkfread_4.apk	bb61cd04bd8f49a0b7d4e99a225e9737eecc94c0fc814f3dbb70f6fb37c2f6bf	60171	0
APP_MAPS	space.irex.mobile	/space.irex.mobile_1.apk	77316c71b38d0f4fd7a0272b47ff500ab9d2275e80185b306343c3151438cb2f	38034804	0
APP_CONTACTS	spam.blocker	/spam.blocker_516.apk	0e4df7922eb4b9bb78f07888ba506671c4f858018c188cf813e28f914def182f	8452082	0
APP_CONTACTS	tech.bogomolov.incomingsmsgateway	/tech.bogomolov.incomingsmsgateway_13.apk	0c0a80222a1f6c27d8e76952ff667dca8f8132239798022a44f246fb0a9fc7e6	2567991	0
APP_MAPS	tk.giesecke.disaster_radio	/tk.giesecke.disaster_radio_17.apk	d97b63cadd024bf300e484d5527cf435e29c18b53d8b3afea61ac150ca01fc78	3322508	0
APP_CONTACTS	top.yztz.msggo	/top.yztz.msggo_26000309.apk	64a6fcd9face083a2f8507387c4a4243759c4a404d93e44f75fb19c60787a0c3	16996204	0
APP_MAPS	trailence.org	/trailence.org_20301.apk	4d2c5b65444286b34b268e464042c8e21cd646aaed629705b965e6e228e7d451	7583899	0
APP_CONTACTS	tranquvis.simplesmsremote	/tranquvis.simplesmsremote_140.apk	5d1bc338a1693e6da41cbfcab0a88f1d0f8c6ae2e1f0344db3bc619d8d4d52ce	3235722	0
APP_MAPS	truewatcher.tower	/truewatcher.tower_82.apk	ccb791327fcc77caec376007bd4d2679e5f42908d00755c782ec8c0c7cbb32b3	3294489	0
APP_CONTACTS	us.spotco.carrion	/us.spotco.carrion_123.apk	e2734278efc74794db155de2a6d56e11ceb130a70f381c960db0caa4a12ad1b8	87424	0
APP_MAPS	xyz.apiote.bimba.czwek	/xyz.apiote.bimba.czwek_48.apk	5dd07390c9f2f39d9171c13826d21c426a44c3e1f53caea81ccdc321c5b37d7d	25246068	0
APP_MAPS	xyz.cmcdaniel.localcrop	/xyz.cmcdaniel.localcrop_4.apk	af1a9b83b0620e510cbf0a9cd2ac10d9fd4fd8b9bf9b4b438ec7e8e79a50e527	6684553	0
APP_CONTACTS	xyz.crucitti.friendalert	/xyz.crucitti.friendalert_3.apk	4dd2a2bb690874d258ca3777722c52b331de8c5605158a4bac1024e8dfff9a43	5987930	0
APP_MAPS	xyz.ptgms.tosdr	/xyz.ptgms.tosdr_42.apk	5e785e28a79e2193ca8a4d96a6638f1e27cee172c4d640dd340d07b14ce99232	4028581	0
