APP_MAPS	app.fedilab.openmaps	/app.fedilab.openmaps_13.apk	f8f74eb4efd87d25113e960af3f1469839042fbe4da0eea0075290944cc5fb53	3828282	0
APP_MAPS	ca.asmat.foggymaps	/ca.asmat.foggymaps_21.apk	0578b4741405f29b6a20f6ec613cf1c99610838acce5e61a411b3213c550af4c	4069621	0
APP_MAPS	ch.bubendorf.locusaddon.gsakdatabase	/ch.bubendorf.locusaddon.gsakdatabase_38.apk	3eae0c6f3334fe6dbb70d3254176108a56c3d3eee3693ef6b7b4e0c648689426	1491175	0
APP_CONTACTS	com.aj.wa.contact.adder	/com.aj.wa.contact.adder_2.apk	ef76d62413e4c8f2568fd015b85c199e94aff5066b5e4e83220d788dc74c2511	21163868	0
APP_CONTACTS	com.ashkanrafiee.librecontactsbackup	/com.ashkanrafiee.librecontactsbackup_25.apk	4f3725b8738b6145ba0625a0f8eee2140bdc51f811b72943e817d701f7690bdf	195451	0
APP_MAPS	com.biketrackd.app	/com.biketrackd.app_53.apk	8e92038430e51a3b3fc3b2c1c0a84e79b8c3c76069744a0985807cb2daeaec30	16216435	0
APP_MAPS	com.cityzen.cityzen	/com.cityzen.cityzen_10200199.apk	9ab1d8f854a03921259206001940a2c0d6311d63d810a3aa66af59f0d4200196	9304974	0
APP_CONTACTS	com.erfangholami.solidshare	/com.erfangholami.solidshare_404.apk	0ab6ccf53f81892aabea802f6420e876e13381403a2604a2fea53263523841b0	20037801	0
APP_MAPS	com.example.regis_cat	/com.example.regis_cat_1.apk	d0ea53e8f72ac0eac3c5a06957f126cc54413b0d16c7d190275d199c41b2431c	5397111	0
APP_CONTACTS	com.germainz.identiconizer	/com.germainz.identiconizer_11.apk	f7b68f1be7afc4185c102305d63abf1abc3c9428cc6c477cf616f45dba82860e	1832933	0
APP_MAPS	com.google.android.stardroid	/com.google.android.stardroid_1735.apk	5dab878ef29a95bbc03dbe5ca051e6742ca1439ecdb5c21a6524623cceef4035	22213626	0
APP_MAPS	com.graphhopper.maps	/com.graphhopper.maps_302.apk	83820a2d1ee73216778b7fbf356430341c3c1a0a482db98974c22677743ee03a	25263286	0
APP_CONTACTS	com.harshalbhatia.whatsopen	/com.harshalbhatia.whatsopen_5.apk	b30b67299de3db20628160997e03bff5c4e19dd9d65fcb1654689642072cf8bc	1874010	0
APP_MAPS	com.junjunguo.pocketmaps	/com.junjunguo.pocketmaps_40.apk	540a7b99f98b3b8c22b61aabe217fadbdf060966ca0e50491d81dc3042cbea54	12997456	0
APP_MAPS	com.mubarak.mbcompass	/com.mubarak.mbcompass_19.apk	0170819bba40e28414daaaca9f1efa04098fcdebfe929a179bbf82453d586ccd	2263490	0
APP_CONTACTS	com.novadial.phone	/com.novadial.phone_35.apk	e893fa67c7ac7046f0ef4ed8b60ba190787790e0c0a2cf111dbffefec71f7950	10766124	0
APP_MAPS	com.outerworldapps.wairtonow	/com.outerworldapps.wairtonow_50100.apk	c0de7d22405cbfd389d9f57ff8398523f71f6de44d48f51fd44eb5e0d1148a2d	8223984	0
APP_CONTACTS	com.phonepvr.friends	/com.phonepvr.friends_1.apk	714cf7b20b05cf202ee7416f98e4b5a510a6bc474f77398a989b6223f8629d86	15464653	0
APP_MAPS	com.pluscubed.am2geo.foss	/com.pluscubed.am2geo.foss_5.apk	4b35b260890b2d152e5b60a001db0ccaf374f606389003e2681dfefbf6f98511	3037813	0
APP_CONTACTS	com.smartfind.app	/com.smartfind.app_15.apk	030e9dfb5048f01a9507f05797ea815d5af173badf710b533194e35bf1babb7c	2945924	0
APP_CONTACTS	com.talsk.amadz	/com.talsk.amadz_14.apk	33739f4571a793a1fefa08bd37e60434d975a2cab787a845a8802911bf019a27	15371179	0
APP_CONTACTS	com.thirumalai.calllimiter	/com.thirumalai.calllimiter_11.apk	09a146dcefb380026c1286acdc2b9753ecfd85b1d9834127293e8a1b28652fd2	2885702	0
APP_CONTACTS	com.vayunmathur.contacts	/com.vayunmathur.contacts_20260731.apk	418ddc54d343090c1280398024261dc57ee4f7f1655ffb1eb5e8e5b221eb2102	4531339	0
APP_CONTACTS	cx.vmx.sdcontacts	/cx.vmx.sdcontacts_10000.apk	7de17f0339afa6160f9b7b93a864ed199dcf7256f2d8dde72d0341a0d4496e63	1633449	0
APP_MAPS	de.c3nav.droid	/de.c3nav.droid_18040700.apk	482e5c9b9746f352d616597f3f689d47614ff600662e61b8e9f7f8e36bb0125d	4858841	0
APP_MAPS	de.freifunk_karte.freifunk_karte	/de.freifunk_karte.freifunk_karte_1501.apk	b239a2a82324194bc726a1fdd68f9137628e0eb8717729601f95692790140e4a	2602802	0
APP_MAPS	de.k3b.android.geo2articlesmap	/de.k3b.android.geo2articlesmap_6.apk	baa467a4aa1caf73b72c2902a0d85bbfd98d44146e365efa4d4e04b6f7ed449f	179756	0
APP_MAPS	de.k3b.android.locationMapViewer	/de.k3b.android.locationMapViewer_10.apk	4ee019d8ccdedcac04105e70ead2dfec9cda433a5f64039d5cfcf196a2c68d74	550494	0
APP_MAPS	de.kewl.boatspeedy	/de.kewl.boatspeedy_43.apk	5834c11b3bb17e13fc3ad5f6884f0f2139644bbe311b74a4025d0f91b9973392	3930265	0
APP_MAPS	de.westnordost.luftlinie	/de.westnordost.luftlinie_9.apk	6ce9bed4380e7a8df88082114df5b3e3942f74993c5f1446ddbac67c016322fe	3017362	0
APP_CONTACTS	dev.theolm.wwc	/dev.theolm.wwc_30.apk	d544b554ec924d2aa326d05c09e25c5dbc4cd420509dcb7dd6327e682eabff5f	3782982	0
APP_MAPS	io.github.mgdx.rouelibre	/io.github.mgdx.rouelibre_124.apk	df034a624966b24609a00f7504d3c579c08a59f0549b67b5bf40cc375c1c6c4f	7914007	0
APP_MAPS	io.github.mickaelmagniez.windbubble	/io.github.mickaelmagniez.windbubble_2.apk	c130d432aebce50002a3d23dc8633395484d22d6fff8a3f1856dc84a8ccefaf6	1607491	0
APP_CONTACTS	io.pcontacts.app	/io.pcontacts.app_16.apk	714e0abbdf76b73fb38bb18753d49031a44311460f254961a26b8df9eb61390f	5594226	0
APP_MAPS	it.danieleverducci.nextcloudmaps	/it.danieleverducci.nextcloudmaps_9.apk	69b7012d8c0267b2390b74e7e2036d76addb650d7c7d4e0f6a980116f0c53139	7960016	0
APP_MAPS	name.gdr.acastus_photon	/name.gdr.acastus_photon_28.apk	ece8e98b420feadc4265abb9558c14c944a1580794490e462d6e6cf205a4eeb4	23870228	0
APP_MAPS	net.cyclestreets	/net.cyclestreets_1668.apk	0e64107a84849eb01f12dd1c9161e6e6e83e925244b0af9814e8418e6e2ba811	9513689	0
APP_MAPS	net.pfiers.osmfocus	/net.pfiers.osmfocus_1009013.apk	ae3959bd3313ba0e943189911114a65bf3e2ea03caed06edbd47e4a6f0fd4b25	38252861	0
APP_CONTACTS	net.stargw.contactsimport	/net.stargw.contactsimport_37.apk	dec0208362f1f2bde96910e49d3df1ec8765901ad62da33831e2d63056a80eb2	2138998	0
APP_CONTACTS	opencontacts.open.com.opencontacts	/opencontacts.open.com.opencontacts_32.apk	3ee6226f2a435ea48224b3772e721d7b8834f8585bbaa9a5cedc967d9e7faf04	4512404	0
APP_MAPS	org.app.geotagvideocamera	/org.app.geotagvideocamera_430.apk	68a8b9b70fa130d2c7ec24304bbad9b912d07421d264812d444e7a1753567b52	17705647	0
APP_MAPS	org.debian.eugen.headingcalculator	/org.debian.eugen.headingcalculator_4.apk	dbcfc1903051b66e7f6d3bd65a49d79527d2c143dfd870e9384bb2c9c1b8b383	84382	0
APP_CONTACTS	org.fossify.contacts	/org.fossify.contacts_13.apk	6a89be96b5ec39f5e2b11bd61dc7031f4b88261b324ab13af5743fbc62f0cddb	8602985	0
APP_MAPS	org.github.nynosy.adiresy_mobile	/org.github.nynosy.adiresy_mobile_43.apk	bf9e556b4e32dd8282cece77f86291c3caa584aaabf85c52858c2bdcee15dfa0	23380170	0
APP_MAPS	org.navitproject.navit	/org.navitproject.navit_2026020887.apk	ff5a825b532ebb7d89f5d2d7128b5ed6fac96bf4dc3b3e0c38052832152919ba	8207201	0
APP_MAPS	org.nitri.opentopo	/org.nitri.opentopo_82.apk	0fa0362afc6f8f0c95a43e9aa6dfa3e6891dca0755d043cbac08d63557c22da3	4692521	0
APP_MAPS	org.osmdroid	/org.osmdroid_55.apk	0cd567f8fd3cd28039f8edd2a785e0116776e91f43e96ac91994a33158f5c6fd	13491492	0
APP_MAPS	org.pinpoint	/org.pinpoint_2001.apk	3f362c5296ae407442c305895bbeb2715dbdd19a81abce1a071bcbd9938cc393	22783959	0
APP_CONTACTS	org.vinaygopinath.launchchat	/org.vinaygopinath.launchchat_8.apk	5dfe18498375d68aa2f2eef1d7cb2ff565c235d031230fd8eae730a0df795f26	2806428	0
APP_MAPS	org.xcsoar	/org.xcsoar_74520000.apk	dc5aa42d08b29bc7af1784e2ed32cc582b81f60999a5145bc3ed0df7dbe56f26	39571614	0
APP_MAPS	page.ooooo.geoshare	/page.ooooo.geoshare_48.apk	1d86509bd82e07cc1f263b16dc282f9f2b2c2918cdf420d819e3a215bfd8c759	4184974	0
APP_CONTACTS	ru.henridellal.dialer	/ru.henridellal.dialer_24.apk	2c1735d92bbebb4c3a5414c22642afd240edd34183c08e8f4d784bc9ee4936e0	459698	0
APP_MAPS	us.spotco.maps	/us.spotco.maps_50.apk	01ebece86d3358064902e8fb4dbc936f5c3894eecb186218d57c2b42468b83ec	795305	0
