P1-dropdown-to-the-busy-month	15	4	4	2	16ms	48ms	65ms	66.8
P2-agenda-busy-month-first-day	10	3	1	1	16ms	32ms	32ms	33.4
P3-dropdown-to-the-200-event-day	22	3	2	0	16ms	16ms	48ms	50.1
P4-week-busiest	16	3	2	1	16ms	16ms	48ms	50.1
P5-swipe-01	30	2	1	1	16ms	32ms	48ms	39.5
P5-swipe-02	31	2	1	1	16ms	16ms	32ms	33.4
P5-swipe-03	30	3	2	1	16ms	32ms	32ms	33.4
P5-swipe-04	31	3	2	2	16ms	16ms	32ms	33.5
P5-swipe-05	31	3	1	2	16ms	19ms	32ms	33.4
P5-swipe-06	30	3	2	2	16ms	16ms	32ms	33.4
P5-swipe-07	31	4	2	2	18ms	19ms	32ms	33.4
P5-swipe-08	31	3	1	2	16ms	20ms	32ms	33.4
P5-swipe-09	31	3	1	2	16ms	18ms	32ms	33.4
P5-swipe-10	31	3	1	2	16ms	18ms	32ms	33.4
P5-swipe-11	31	3	1	2	16ms	20ms	32ms	33.4
P5-swipe-12	31	3	1	2	16ms	19ms	32ms	33.4
