W	K3.2 a day heading ("Saturday 24", R11's own sample is a Saturday) at x 24 (the ink's left edge)	24	24.67	1
C	K3.2 a day heading is white	255 255 255	255 255 255	4
E	K3.2 … semibold (its stems at least 0.16 of the cap height; a regular line reads 0.09–0.15 here)	yes	yes
W	K3.8 an all-day row: cal_event_bar's colour bar starts at x 0	0	0.00	0.34
W	K3.8 an all-day row: … and is 8 epx wide	8	8.00	1
C	K3.8 an all-day row: … in the calendar's colour	0 99 177	0 99 177	4
W	K3.5 an all-day row: its bar is 40 epx tall	40	40.00	1
E	K3.5 an all-day row's label reads "All day"	yes	yes
W	K3.7 an all-day row: the "All day" label at x 24.3 (the ink's left edge)	24.3	24.67	1
W	K3.7 an all-day row: the title ("Pay rent") at x 92.5 (the ink's left edge)	92.5	94.33	1
R	K3.7 an all-day row: the title's text box starts at (epx)	92.67
C	K3.5 an all-day row: the title is white	255 255 255	255 255 255	4
W	K3.8 a timed row: cal_event_bar's colour bar starts at x 0	0	0.00	0.34
W	K3.8 a timed row: … and is 8 epx wide	8	8.00	1
C	K3.8 a timed row: … in the calendar's colour	0 99 177	0 99 177	4
W	K3.6 a timed row: its bar is 56 epx tall	56	56.00	1
W	K3.7 a timed row: the time label at x 24.3 (the ink's left edge)	24.3	25.00	1
W	K3.7 a timed row: the title ("Pay day") at x 92.5 (the ink's left edge)	92.5	94.33	1
R	K3.7 a timed row: the title's text box starts at (epx)	92.67
C	K3.5 a timed row: the title is white	255 255 255	255 255 255	4
W	K3.5 all-day bars on a 44-epx pitch (the second bar's top below the first's)	44	44.00	1
R	K3.5 the label's tint on this screen (the calendar colour's light tint)	107 164 210
